Order ID,Order Date,Customer ID,Customer Name,Product Name,Category,Sales,Quantity,Profit,Region,State
CA-2023-1001,2023-11-24,C-1004,Emily Davis,Apple iPhone 14,Technology,4314.6,6,516.48,East,Pennsylvania
CA-2023-1002,2023-04-25,C-1005,David Wilson,Sticky Notes 3x3 Pack,Office Supplies,6.99,1,0.7,West,Washington
CA-2023-1003,2023-10-30,C-1014,Amanda Thompson,Samsung Galaxy S23,Technology,749.0,1,130.0,East,Pennsylvania
CA-2023-1004,2023-04-30,C-1017,Brian Lewis,LED Desk Lamp,Furniture,31.5,1,1.2,East,Pennsylvania
CA-2023-1005,2023-11-29,C-1023,Joshua King,Conference Room Table,Furniture,3596.0,4,440.0,South,Florida
CA-2023-1006,2023-10-29,C-1009,William Thomas,Sharpie Permanent Markers (12-pack),Office Supplies,12.99,1,3.8,Central,Michigan
CA-2023-1007,2023-06-24,C-1009,William Thomas,Logitech Wireless Mouse,Technology,53.98,2,12.2,West,Washington
CA-2023-1008,2023-02-17,C-1013,Matthew Martin,HP LaserJet Pro Printer,Technology,807.3,3,108.24,South,Georgia
CA-2023-1009,2023-05-16,C-1002,Jane Doe,Sticky Notes 3x3 Pack,Office Supplies,27.97,4,2.81,West,Washington
CA-2023-1010,2023-07-13,C-1003,Michael Brown,Conference Room Table,Furniture,1887.9,3,-317.28,Central,Illinois
CA-2023-1011,2023-10-23,C-1007,Robert Martinez,Pilot G2 Gel Pens (Pack of 12),Office Supplies,14.5,1,4.2,East,Pennsylvania
CA-2023-1012,2023-05-29,C-1003,Michael Brown,Dry Erase Whiteboard 36x24,Office Supplies,99.98,2,28.0,Central,Michigan
CA-2023-1013,2023-05-23,C-1015,James Garcia,Amazon Basics Copy Paper (5 Reams),Office Supplies,96.0,3,28.5,Central,Illinois
CA-2023-1014,2023-07-01,C-1007,Robert Martinez,Heavy Duty Stapler,Office Supplies,59.97,3,15.0,South,Georgia
CA-2023-1015,2023-11-22,C-1006,Sarah Taylor,Conference Room Table,Furniture,5394.0,6,660.0,East,New York
CA-2023-1016,2023-08-25,C-1013,Matthew Martin,LG 27-inch 4K Monitor,Technology,1465.8,6,-82.56,East,Pennsylvania
CA-2023-1017,2023-12-17,C-1011,Daniel White,Expanding File Folder,Office Supplies,16.5,1,4.5,West,California
CA-2023-1018,2023-06-11,C-1013,Matthew Martin,LG 27-inch 4K Monitor,Technology,349.0,1,70.0,South,Georgia
CA-2023-1019,2023-06-11,C-1007,Robert Martinez,Amazon Basics Copy Paper (5 Reams),Office Supplies,102.4,4,17.52,South,Florida
CA-2023-1020,2023-03-15,C-1009,William Thomas,Logitech Wireless Mouse,Technology,41.99,2,2.6,South,North Carolina
CA-2023-1021,2023-05-15,C-1024,Stephanie Wright,Task Swivel Stool,Furniture,249.2,4,-25.44,Central,Michigan
CA-2023-1022,2023-07-05,C-1008,Lisa Anderson,Logitech Wireless Mouse,Technology,119.96,5,18.51,West,Washington
CA-2023-1023,2023-01-25,C-1004,Emily Davis,Logitech Wireless Mouse,Technology,179.94,6,51.0,Central,Michigan
CA-2023-1024,2023-11-02,C-1003,Michael Brown,5-Tier Wooden Bookshelf,Furniture,529.2,4,-61.44,South,Florida
CA-2023-1025,2023-09-28,C-1009,William Thomas,Conference Room Table,Furniture,899.0,1,110.0,South,North Carolina
CA-2023-1026,2023-05-17,C-1025,Andrew Scott,Amazon Basics Copy Paper (5 Reams),Office Supplies,96.0,3,28.5,Central,Texas
CA-2023-1027,2023-08-11,C-1006,Sarah Taylor,Adjustable Standing Desk,Furniture,359.1,1,33.08,South,North Carolina
CA-2023-1028,2023-04-02,C-1017,Brian Lewis,Scotch Heavy Duty Packing Tape,Office Supplies,13.5,1,3.6,South,North Carolina
CA-2023-1029,2023-11-08,C-1007,Robert Martinez,Logitech Wireless Mouse,Technology,89.97,3,25.5,South,North Carolina
CA-2023-1030,2023-09-29,C-1001,John Smith,LED Desk Lamp,Furniture,108.0,3,14.4,West,California
CA-2023-1031,2023-02-27,C-1012,Ashley Harris,Label Maker Machine,Office Supplies,119.97,3,33.0,West,California
CA-2023-1032,2023-05-04,C-1019,Kevin Walker,Dell XPS 15 Laptop,Technology,1199.2,1,40.16,West,Washington
CA-2023-1033,2023-09-30,C-1025,Andrew Scott,Logitech Wireless Mouse,Technology,47.98,2,7.4,South,North Carolina
CA-2023-1034,2023-03-26,C-1009,William Thomas,Modern Coffee Table,Furniture,796.0,5,-259.2,East,Pennsylvania
CA-2023-1035,2023-10-04,C-1025,Andrew Scott,Sticky Notes 3x3 Pack,Office Supplies,59.94,6,18.6,Central,Texas
CA-2023-1036,2023-07-24,C-1022,Lauren Allen,Amazon Basics Copy Paper (5 Reams),Office Supplies,76.8,3,13.14,South,North Carolina
CA-2023-1037,2023-08-20,C-1004,Emily Davis,Canon EOS Rebel Camera,Technology,1300.0,2,240.0,Central,Illinois
CA-2023-1038,2023-01-11,C-1019,Kevin Walker,Conference Room Table,Furniture,1258.6,2,-211.52,East,Pennsylvania
CA-2023-1039,2023-01-04,C-1003,Michael Brown,Pilot G2 Gel Pens (Pack of 12),Office Supplies,87.0,6,25.2,East,Pennsylvania
CA-2023-1040,2023-02-04,C-1002,Jane Doe,Dry Erase Whiteboard 36x24,Office Supplies,149.97,3,42.0,South,North Carolina
CA-2023-1041,2023-05-02,C-1009,William Thomas,Heavy Duty Stapler,Office Supplies,79.96,4,20.0,South,North Carolina
CA-2023-1042,2023-03-09,C-1024,Stephanie Wright,Scotch Heavy Duty Packing Tape,Office Supplies,52.5,5,6.0,South,Florida
CA-2023-1043,2023-05-05,C-1016,Jennifer Clark,Sharpie Permanent Markers (12-pack),Office Supplies,51.96,4,15.2,West,Washington
CA-2023-1044,2023-02-19,C-1022,Lauren Allen,Modern Leather Recliner,Furniture,1677.6,3,-530.52,Central,Michigan
CA-2023-1045,2023-08-28,C-1024,Stephanie Wright,Samsung Galaxy S23,Technology,4494.0,6,780.0,West,California
CA-2023-1046,2023-07-26,C-1024,Stephanie Wright,Ergonomic Office Chair,Furniture,249.0,1,45.0,East,Pennsylvania
CA-2023-1047,2023-04-08,C-1018,Megan Robinson,Adjustable Standing Desk,Furniture,638.4,2,2.32,East,New York
CA-2023-1048,2023-05-23,C-1015,James Garcia,Canon EOS Rebel Camera,Technology,520.0,1,16.0,South,North Carolina
CA-2023-1049,2023-02-20,C-1002,Jane Doe,Amazon Basics Copy Paper (5 Reams),Office Supplies,160.0,5,47.5,West,Washington
CA-2023-1050,2023-05-02,C-1006,Sarah Taylor,Modern Leather Recliner,Furniture,2236.8,4,-707.36,East,Pennsylvania
CA-2023-1051,2023-07-25,C-1002,Jane Doe,Sony WH-1000XM5 Headphones,Technology,1596.0,4,380.0,Central,Michigan
CA-2023-1052,2023-05-16,C-1015,James Garcia,SanDisk 1TB Portable SSD,Technology,305.2,4,-4.64,South,Florida
CA-2023-1053,2023-03-21,C-1007,Robert Martinez,SanDisk 1TB Portable SSD,Technology,218.0,2,50.0,South,Georgia
CA-2023-1054,2023-10-05,C-1002,Jane Doe,Sticky Notes 3x3 Pack,Office Supplies,29.97,3,9.3,West,California
CA-2023-1055,2023-10-27,C-1016,Jennifer Clark,Modern Coffee Table,Furniture,995.0,5,-100.0,West,California
CA-2023-1056,2023-09-18,C-1003,Michael Brown,Dry Erase Whiteboard 36x24,Office Supplies,99.98,2,28.0,South,Georgia
CA-2023-1057,2023-02-04,C-1022,Lauren Allen,Dry Erase Whiteboard 36x24,Office Supplies,79.98,2,12.0,West,Washington
CA-2023-1058,2023-10-19,C-1008,Lisa Anderson,Task Swivel Stool,Furniture,445.0,5,75.0,South,Georgia
CA-2023-1059,2023-02-11,C-1014,Amanda Thompson,Heavy Duty Stapler,Office Supplies,69.96,5,1.01,South,North Carolina
CA-2023-1060,2023-06-11,C-1009,William Thomas,Apple iPad Air,Technology,3234.6,6,372.48,East,Pennsylvania
CA-2023-1061,2023-05-16,C-1013,Matthew Martin,Logitech Wireless Mouse,Technology,161.95,6,36.6,South,Florida
CA-2023-1062,2023-06-11,C-1025,Andrew Scott,Scotch Heavy Duty Packing Tape,Office Supplies,15.0,1,4.8,South,Florida
CA-2023-1063,2023-11-15,C-1019,Kevin Walker,HP LaserJet Pro Printer,Technology,209.3,1,-11.76,East,Pennsylvania
CA-2023-1064,2023-09-17,C-1009,William Thomas,Logitech Wireless Mouse,Technology,89.97,3,25.5,East,Pennsylvania
CA-2023-1065,2023-07-09,C-1010,Jessica Jackson,Sony WH-1000XM5 Headphones,Technology,1117.2,4,-3.04,Central,Texas
CA-2023-1066,2023-11-10,C-1021,Christopher Young,Modern Coffee Table,Furniture,139.3,1,-67.76,Central,Texas
CA-2023-1067,2023-12-06,C-1004,Emily Davis,Label Maker Machine,Office Supplies,71.98,2,15.6,West,Washington
CA-2023-1068,2023-02-24,C-1024,Stephanie Wright,Conference Room Table,Furniture,1618.2,2,76.16,Central,Texas
CA-2023-1069,2023-11-06,C-1007,Robert Martinez,Pilot G2 Gel Pens (Pack of 12),Office Supplies,43.5,3,12.6,Central,Texas
CA-2023-1070,2023-09-16,C-1016,Jennifer Clark,LG 27-inch 4K Monitor,Technology,349.0,1,70.0,Central,Michigan
CA-2023-1071,2023-05-22,C-1002,Jane Doe,Apple iPhone 14,Technology,2397.0,3,450.0,Central,Texas
CA-2023-1072,2023-03-24,C-1024,Stephanie Wright,Adjustable Standing Desk,Furniture,1596.0,5,5.8,South,North Carolina
CA-2023-1073,2023-01-05,C-1004,Emily Davis,Dell XPS 15 Laptop,Technology,8994.0,6,1680.0,South,North Carolina
CA-2023-1074,2023-01-19,C-1012,Ashley Harris,Task Swivel Stool,Furniture,445.0,5,75.0,Central,Michigan
CA-2023-1075,2023-03-07,C-1002,Jane Doe,SanDisk 1TB Portable SSD,Technology,327.0,3,75.0,Central,Illinois
CA-2023-1076,2023-04-18,C-1022,Lauren Allen,Canon EOS Rebel Camera,Technology,3900.0,6,720.0,Central,Illinois
CA-2023-1077,2023-10-14,C-1014,Amanda Thompson,LED Desk Lamp,Furniture,270.0,6,72.0,East,Pennsylvania
CA-2023-1078,2023-03-25,C-1006,Sarah Taylor,Label Maker Machine,Office Supplies,159.96,4,44.0,East,New York
CA-2023-1079,2023-06-20,C-1014,Amanda Thompson,Sharpie Permanent Markers (12-pack),Office Supplies,77.94,6,22.8,Central,Texas
CA-2023-1080,2023-03-23,C-1023,Joshua King,HP LaserJet Pro Printer,Technology,1196.0,4,240.0,South,Florida
CA-2023-1081,2023-04-24,C-1007,Robert Martinez,Expanding File Folder,Office Supplies,59.4,4,12.72,Central,Texas
CA-2023-1082,2023-04-27,C-1008,Lisa Anderson,Apple iPhone 14,Technology,4794.0,6,900.0,Central,Michigan
CA-2023-1083,2023-06-18,C-1009,William Thomas,Dry Erase Whiteboard 36x24,Office Supplies,44.99,1,10.0,Central,Illinois
CA-2023-1084,2023-11-25,C-1017,Brian Lewis,5-Tier Wooden Bookshelf,Furniture,793.8,6,-92.16,Central,Illinois
CA-2023-1085,2023-01-15,C-1004,Emily Davis,Label Maker Machine,Office Supplies,119.97,3,33.0,South,Georgia
CA-2023-1086,2023-05-16,C-1002,Jane Doe,HP LaserJet Pro Printer,Technology,1196.0,5,60.8,Central,Illinois
CA-2023-1087,2023-06-10,C-1014,Amanda Thompson,LED Desk Lamp,Furniture,225.0,5,60.0,Central,Michigan
CA-2023-1088,2023-10-23,C-1007,Robert Martinez,LG 27-inch 4K Monitor,Technology,279.2,1,14.16,West,California
CA-2023-1089,2023-09-24,C-1018,Megan Robinson,Heavy Duty Stapler,Office Supplies,119.94,6,30.0,Central,Illinois
CA-2023-1090,2023-08-09,C-1003,Michael Brown,Heavy Duty Stapler,Office Supplies,41.98,3,0.61,Central,Illinois
CA-2023-1091,2023-12-06,C-1004,Emily Davis,Sticky Notes 3x3 Pack,Office Supplies,20.98,3,2.11,Central,Texas
CA-2023-1092,2023-12-08,C-1014,Amanda Thompson,Ergonomic Office Chair,Furniture,896.4,4,100.32,South,North Carolina
CA-2023-1093,2023-03-07,C-1007,Robert Martinez,Modern Leather Recliner,Furniture,3355.2,6,-1061.04,East,New York
CA-2023-1094,2023-11-12,C-1019,Kevin Walker,SanDisk 1TB Portable SSD,Technology,305.2,4,-4.64,West,California
CA-2023-1095,2023-06-05,C-1010,Jessica Jackson,Apple iPad Air,Technology,1677.2,4,-135.04,South,Georgia
CA-2023-1096,2023-12-02,C-1011,Daniel White,Adjustable Standing Desk,Furniture,1276.8,4,4.64,East,Pennsylvania
CA-2023-1097,2023-09-19,C-1016,Jennifer Clark,Sharpie Permanent Markers (12-pack),Office Supplies,77.94,6,22.8,West,Washington
CA-2023-1098,2023-05-26,C-1017,Brian Lewis,Heavy Duty Stapler,Office Supplies,83.96,6,1.21,Central,Illinois
CA-2023-1099,2023-02-17,C-1025,Andrew Scott,Canon EOS Rebel Camera,Technology,3510.0,6,408.0,East,Pennsylvania
CA-2023-1100,2023-04-12,C-1005,David Wilson,Apple iPhone 14,Technology,799.0,1,150.0,South,Florida
CA-2023-1101,2023-11-09,C-1025,Andrew Scott,Dell XPS 15 Laptop,Technology,4796.8,4,160.64,South,Georgia
CA-2023-1102,2023-04-10,C-1023,Joshua King,Pilot G2 Gel Pens (Pack of 12),Office Supplies,46.4,4,7.52,Central,Michigan
CA-2023-1103,2023-05-05,C-1005,David Wilson,Amazon Basics Copy Paper (5 Reams),Office Supplies,192.0,6,57.0,West,Washington
CA-2023-1104,2023-08-06,C-1008,Lisa Anderson,Sony WH-1000XM5 Headphones,Technology,1675.8,6,-4.56,South,Florida
CA-2023-1105,2023-01-26,C-1018,Megan Robinson,Canon EOS Rebel Camera,Technology,520.0,1,16.0,East,New York
CA-2023-1106,2023-08-26,C-1022,Lauren Allen,Modern Coffee Table,Furniture,696.5,5,-338.8,Central,Illinois
CA-2023-1107,2023-08-15,C-1020,Rachel Hall,Expanding File Folder,Office Supplies,69.3,6,3.24,Central,Michigan
CA-2023-1108,2023-10-08,C-1015,James Garcia,Label Maker Machine,Office Supplies,63.98,2,9.2,South,Florida
CA-2023-1109,2023-05-13,C-1025,Andrew Scott,Canon EOS Rebel Camera,Technology,3510.0,6,408.0,South,North Carolina
CA-2023-1110,2023-09-06,C-1021,Christopher Young,Canon EOS Rebel Camera,Technology,1560.0,3,48.0,West,Washington
CA-2023-1111,2023-05-27,C-1008,Lisa Anderson,LG 27-inch 4K Monitor,Technology,942.3,3,126.24,South,North Carolina
CA-2023-1112,2023-02-11,C-1005,David Wilson,Logitech Wireless Mouse,Technology,47.98,2,7.4,East,New York
CA-2023-1113,2023-12-28,C-1007,Robert Martinez,Dell XPS 15 Laptop,Technology,4796.8,4,160.64,Central,Illinois
CA-2023-1114,2023-10-05,C-1015,James Garcia,Modern Leather Recliner,Furniture,699.0,1,-65.0,Central,Michigan
CA-2023-1115,2023-07-19,C-1025,Andrew Scott,Task Swivel Stool,Furniture,534.0,6,90.0,South,Georgia
CA-2023-1116,2023-07-14,C-1016,Jennifer Clark,Apple iPhone 14,Technology,2157.3,3,258.24,Central,Michigan
CA-2023-1117,2023-08-03,C-1018,Megan Robinson,Sticky Notes 3x3 Pack,Office Supplies,41.96,6,4.21,South,Georgia
CA-2023-1118,2023-04-23,C-1016,Jennifer Clark,Canon EOS Rebel Camera,Technology,1560.0,3,48.0,South,Florida
CA-2023-1119,2023-01-15,C-1013,Matthew Martin,Ergonomic Office Chair,Furniture,1195.2,6,30.96,East,New York
CA-2023-1120,2023-08-28,C-1005,David Wilson,LED Desk Lamp,Furniture,225.0,5,60.0,Central,Michigan
CA-2023-1121,2023-10-31,C-1019,Kevin Walker,Heavy Duty Stapler,Office Supplies,19.99,1,5.0,Central,Michigan
CA-2023-1122,2023-03-11,C-1015,James Garcia,Sony WH-1000XM5 Headphones,Technology,359.1,1,63.08,Central,Michigan
CA-2023-1123,2023-06-17,C-1007,Robert Martinez,Adjustable Standing Desk,Furniture,1077.3,3,99.24,Central,Michigan
CA-2023-1124,2023-05-23,C-1025,Andrew Scott,Expanding File Folder,Office Supplies,59.4,4,12.72,West,Washington
CA-2023-1125,2023-08-29,C-1001,John Smith,Sticky Notes 3x3 Pack,Office Supplies,49.95,5,15.5,Central,Illinois
CA-2023-1126,2023-04-25,C-1021,Christopher Young,Dell XPS 15 Laptop,Technology,8994.0,6,1680.0,West,California
CA-2023-1127,2023-05-07,C-1007,Robert Martinez,Expanding File Folder,Office Supplies,11.55,1,0.54,East,New York
CA-2023-1128,2023-05-03,C-1005,David Wilson,Steel Filing Cabinet,Furniture,954.0,6,168.0,South,Georgia
CA-2023-1129,2023-04-22,C-1015,James Garcia,Pilot G2 Gel Pens (Pack of 12),Office Supplies,39.15,3,9.12,East,New York
CA-2023-1130,2023-11-07,C-1020,Rachel Hall,Sticky Notes 3x3 Pack,Office Supplies,59.94,6,18.6,East,New York
CA-2023-1131,2023-06-09,C-1004,Emily Davis,Task Swivel Stool,Furniture,80.1,1,7.88,South,Georgia
CA-2023-1132,2023-12-13,C-1013,Matthew Martin,5-Tier Wooden Bookshelf,Furniture,1134.0,6,180.0,West,Washington
CA-2023-1133,2023-10-31,C-1023,Joshua King,Expanding File Folder,Office Supplies,99.0,6,27.0,West,Washington
CA-2023-1134,2023-12-23,C-1025,Andrew Scott,SanDisk 1TB Portable SSD,Technology,457.8,6,-6.96,West,Washington
CA-2023-1135,2023-10-17,C-1002,Jane Doe,Executive Wooden Desk,Furniture,1996.0,5,-599.2,Central,Illinois
CA-2023-1136,2023-02-05,C-1017,Brian Lewis,Amazon Basics Copy Paper (5 Reams),Office Supplies,96.0,3,28.5,Central,Michigan
CA-2023-1137,2023-09-08,C-1004,Emily Davis,Modern Leather Recliner,Furniture,1677.6,3,-530.52,East,New York
CA-2023-1138,2023-08-11,C-1006,Sarah Taylor,Sticky Notes 3x3 Pack,Office Supplies,44.96,5,11.5,South,Georgia
CA-2023-1139,2023-10-03,C-1025,Andrew Scott,Steel Filing Cabinet,Furniture,508.8,4,10.24,South,Georgia
CA-2023-1140,2023-05-18,C-1011,Daniel White,Dry Erase Whiteboard 36x24,Office Supplies,99.98,2,28.0,Central,Texas
CA-2023-1141,2023-08-19,C-1008,Lisa Anderson,Mesh Desk Organizer,Office Supplies,69.97,4,6.01,South,Georgia
CA-2023-1142,2023-12-09,C-1013,Matthew Martin,Ergonomic Office Chair,Furniture,199.2,1,5.16,Central,Illinois
CA-2023-1143,2023-04-04,C-1016,Jennifer Clark,Apple iPad Air,Technology,1617.3,3,186.24,Central,Illinois
CA-2023-1144,2023-05-24,C-1020,Rachel Hall,Pilot G2 Gel Pens (Pack of 12),Office Supplies,30.45,3,2.16,West,California
CA-2023-1145,2023-09-22,C-1007,Robert Martinez,Dell XPS 15 Laptop,Technology,2398.4,2,80.32,South,Florida
CA-2023-1146,2023-10-12,C-1025,Andrew Scott,Canon EOS Rebel Camera,Technology,3120.0,6,96.0,South,Florida
CA-2023-1147,2023-08-18,C-1001,John Smith,Dell XPS 15 Laptop,Technology,4497.0,3,840.0,Central,Michigan
CA-2023-1148,2023-12-21,C-1008,Lisa Anderson,SanDisk 1TB Portable SSD,Technology,457.8,6,-6.96,Central,Illinois
CA-2023-1149,2023-08-31,C-1018,Megan Robinson,Modern Coffee Table,Furniture,477.6,3,-155.52,South,North Carolina
CA-2023-1150,2023-06-19,C-1012,Ashley Harris,Pilot G2 Gel Pens (Pack of 12),Office Supplies,52.2,4,12.16,Central,Texas
CA-2023-1151,2023-05-09,C-1008,Lisa Anderson,HP LaserJet Pro Printer,Technology,1794.0,6,360.0,Central,Illinois
CA-2023-1152,2023-03-03,C-1024,Stephanie Wright,Conference Room Table,Furniture,5394.0,6,660.0,East,Pennsylvania
CA-2023-1153,2023-04-21,C-1024,Stephanie Wright,Steel Filing Cabinet,Furniture,333.9,3,-30.48,South,North Carolina
CA-2023-1154,2023-11-02,C-1010,Jessica Jackson,HP LaserJet Pro Printer,Technology,538.2,2,72.16,East,Pennsylvania
CA-2023-1155,2023-07-04,C-1006,Sarah Taylor,SanDisk 1TB Portable SSD,Technology,76.3,1,-1.16,East,New York
CA-2023-1156,2023-05-21,C-1002,Jane Doe,Samsung Galaxy S23,Technology,3370.5,5,350.4,East,New York
CA-2023-1157,2023-11-23,C-1025,Andrew Scott,Steel Filing Cabinet,Furniture,159.0,1,28.0,South,Georgia
CA-2023-1158,2023-05-26,C-1016,Jennifer Clark,Steel Filing Cabinet,Furniture,572.4,4,61.12,East,New York
CA-2023-1159,2023-01-27,C-1009,William Thomas,Dry Erase Whiteboard 36x24,Office Supplies,199.96,4,56.0,West,Washington
CA-2023-1160,2023-07-25,C-1016,Jennifer Clark,Dell XPS 15 Laptop,Technology,7495.0,5,1400.0,East,New York
CA-2023-1161,2023-03-18,C-1019,Kevin Walker,SanDisk 1TB Portable SSD,Technology,109.0,1,25.0,West,Washington
CA-2023-1162,2023-10-13,C-1025,Andrew Scott,Modern Leather Recliner,Furniture,2446.5,5,-1163.8,South,Georgia
CA-2023-1163,2023-04-26,C-1025,Andrew Scott,Modern Coffee Table,Furniture,636.8,4,-207.36,South,Florida
CA-2023-1164,2023-06-02,C-1019,Kevin Walker,Modern Leather Recliner,Furniture,1467.9,3,-698.28,South,Georgia
CA-2023-1165,2023-01-31,C-1020,Rachel Hall,Sticky Notes 3x3 Pack,Office Supplies,9.99,1,3.1,East,Pennsylvania
CA-2023-1166,2023-05-16,C-1022,Lauren Allen,Dell XPS 15 Laptop,Technology,2998.0,2,560.0,East,New York
CA-2023-1167,2023-10-10,C-1003,Michael Brown,Sony WH-1000XM5 Headphones,Technology,319.2,1,31.16,South,Florida
CA-2023-1168,2023-12-19,C-1020,Rachel Hall,Steel Filing Cabinet,Furniture,477.0,3,84.0,East,Pennsylvania
CA-2023-1169,2023-05-28,C-1023,Joshua King,SanDisk 1TB Portable SSD,Technology,523.2,6,45.36,West,Washington
CA-2023-1170,2023-12-18,C-1008,Lisa Anderson,Scotch Heavy Duty Packing Tape,Office Supplies,31.5,3,3.6,East,Pennsylvania
CA-2023-1171,2023-08-06,C-1004,Emily Davis,Conference Room Table,Furniture,1798.0,2,220.0,Central,Texas
CA-2023-1172,2023-03-14,C-1003,Michael Brown,Samsung Galaxy S23,Technology,1348.2,2,140.16,South,Georgia
CA-2023-1173,2023-10-19,C-1010,Jessica Jackson,Adjustable Standing Desk,Furniture,319.2,1,1.16,Central,Texas
CA-2023-1174,2023-12-25,C-1013,Matthew Martin,LG 27-inch 4K Monitor,Technology,1221.5,5,-68.8,South,Florida
CA-2023-1175,2023-08-13,C-1003,Michael Brown,LED Desk Lamp,Furniture,36.0,1,4.8,Central,Illinois
CA-2023-1176,2023-11-06,C-1009,William Thomas,Apple iPhone 14,Technology,799.0,1,150.0,South,Georgia
CA-2023-1177,2023-10-28,C-1001,John Smith,Mesh Desk Organizer,Office Supplies,134.95,6,33.0,South,Georgia
CA-2023-1178,2023-01-21,C-1025,Andrew Scott,Mesh Desk Organizer,Office Supplies,39.98,2,7.0,South,North Carolina
CA-2023-1179,2023-11-30,C-1015,James Garcia,Scotch Heavy Duty Packing Tape,Office Supplies,45.0,3,14.4,South,Georgia
CA-2023-1180,2023-08-12,C-1021,Christopher Young,Expanding File Folder,Office Supplies,66.0,4,18.0,South,Florida
CA-2023-1181,2023-06-28,C-1014,Amanda Thompson,Ergonomic Office Chair,Furniture,747.0,3,135.0,East,New York
CA-2023-1182,2023-06-18,C-1014,Amanda Thompson,Pilot G2 Gel Pens (Pack of 12),Office Supplies,52.2,4,12.16,Central,Michigan
CA-2023-1183,2023-10-09,C-1002,Jane Doe,Adjustable Standing Desk,Furniture,359.1,1,33.08,Central,Texas
CA-2023-1184,2023-06-15,C-1004,Emily Davis,Mesh Desk Organizer,Office Supplies,69.97,4,6.01,West,California
CA-2023-1185,2023-12-03,C-1018,Megan Robinson,Adjustable Standing Desk,Furniture,1596.0,4,260.0,East,Pennsylvania
CA-2023-1186,2023-09-23,C-1012,Ashley Harris,LED Desk Lamp,Furniture,144.0,4,19.2,West,California
CA-2023-1187,2023-04-15,C-1009,William Thomas,Conference Room Table,Furniture,1618.2,2,76.16,South,Florida
CA-2023-1188,2023-12-24,C-1016,Jennifer Clark,HP LaserJet Pro Printer,Technology,209.3,1,-11.76,East,Pennsylvania
CA-2023-1189,2023-12-30,C-1006,Sarah Taylor,SanDisk 1TB Portable SSD,Technology,545.0,5,125.0,South,North Carolina
CA-2023-1190,2023-07-28,C-1003,Michael Brown,Canon EOS Rebel Camera,Technology,520.0,1,16.0,West,Washington
CA-2023-1191,2023-11-28,C-1005,David Wilson,Steel Filing Cabinet,Furniture,858.6,6,91.68,South,North Carolina
CA-2023-1192,2023-12-28,C-1009,William Thomas,Modern Leather Recliner,Furniture,2236.8,4,-707.36,East,Pennsylvania
CA-2023-1193,2023-08-22,C-1018,Megan Robinson,Logitech Wireless Mouse,Technology,119.96,4,34.0,South,Georgia
CA-2023-1194,2023-09-18,C-1024,Stephanie Wright,Label Maker Machine,Office Supplies,79.98,2,22.0,Central,Texas
CA-2023-1195,2023-08-01,C-1011,Daniel White,Scotch Heavy Duty Packing Tape,Office Supplies,67.5,5,18.0,West,California
CA-2023-1196,2023-05-25,C-1024,Stephanie Wright,SanDisk 1TB Portable SSD,Technology,381.5,5,-5.8,South,Florida
CA-2023-1197,2023-03-18,C-1015,James Garcia,Conference Room Table,Furniture,3236.4,4,152.32,Central,Illinois
CA-2023-1198,2023-10-10,C-1025,Andrew Scott,Conference Room Table,Furniture,2876.8,4,-135.36,Central,Illinois
CA-2023-1199,2023-04-07,C-1023,Joshua King,Canon EOS Rebel Camera,Technology,2600.0,5,80.0,East,Pennsylvania
CA-2023-1200,2023-07-30,C-1002,Jane Doe,Ergonomic Office Chair,Furniture,1195.2,6,30.96,Central,Michigan
CA-2023-1201,2023-07-17,C-1022,Lauren Allen,Sharpie Permanent Markers (12-pack),Office Supplies,77.94,6,22.8,South,Florida
CA-2023-1202,2023-01-19,C-1005,David Wilson,Modern Coffee Table,Furniture,895.5,5,-179.6,West,Washington
CA-2023-1203,2023-08-14,C-1004,Emily Davis,Modern Coffee Table,Furniture,796.0,4,-80.0,East,New York
CA-2023-1204,2023-07-29,C-1021,Christopher Young,Logitech Wireless Mouse,Technology,23.99,1,3.7,Central,Texas
CA-2023-1205,2023-06-23,C-1020,Rachel Hall,Pilot G2 Gel Pens (Pack of 12),Office Supplies,58.0,4,16.8,Central,Illinois
CA-2023-1206,2023-12-12,C-1018,Megan Robinson,5-Tier Wooden Bookshelf,Furniture,453.6,3,-0.72,South,North Carolina
CA-2023-1207,2023-01-19,C-1020,Rachel Hall,Dell XPS 15 Laptop,Technology,2698.2,2,320.16,East,Pennsylvania
CA-2023-1208,2023-02-16,C-1014,Amanda Thompson,HP LaserJet Pro Printer,Technology,1794.0,6,360.0,South,Florida
CA-2023-1209,2023-03-27,C-1023,Joshua King,SanDisk 1TB Portable SSD,Technology,109.0,1,25.0,Central,Illinois
CA-2023-1210,2023-01-29,C-1010,Jessica Jackson,Executive Wooden Desk,Furniture,1197.6,3,-359.52,East,New York
CA-2023-1211,2023-05-06,C-1017,Brian Lewis,Modern Leather Recliner,Furniture,3495.0,5,-325.0,East,New York
CA-2023-1212,2023-03-31,C-1003,Michael Brown,LED Desk Lamp,Furniture,126.0,4,4.8,East,Pennsylvania
CA-2023-1213,2023-09-12,C-1019,Kevin Walker,Logitech Wireless Mouse,Technology,47.98,2,7.4,Central,Texas
CA-2023-1214,2023-08-24,C-1009,William Thomas,Heavy Duty Stapler,Office Supplies,15.99,1,1.8,Central,Texas
CA-2023-1215,2023-12-13,C-1018,Megan Robinson,Sony WH-1000XM5 Headphones,Technology,319.2,1,31.16,Central,Illinois
CA-2023-1216,2023-10-28,C-1010,Jessica Jackson,Amazon Basics Copy Paper (5 Reams),Office Supplies,115.2,4,27.76,South,Florida
CA-2023-1217,2023-06-04,C-1007,Robert Martinez,5-Tier Wooden Bookshelf,Furniture,756.0,4,120.0,East,Pennsylvania
CA-2023-1218,2023-07-15,C-1019,Kevin Walker,Executive Wooden Desk,Furniture,2245.5,5,-399.6,Central,Texas
CA-2023-1219,2023-01-12,C-1022,Lauren Allen,5-Tier Wooden Bookshelf,Furniture,567.0,3,90.0,South,Georgia
CA-2023-1220,2023-12-18,C-1025,Andrew Scott,Sticky Notes 3x3 Pack,Office Supplies,6.99,1,0.7,South,Florida
CA-2023-1221,2023-05-27,C-1025,Andrew Scott,Sharpie Permanent Markers (12-pack),Office Supplies,18.19,2,1.36,Central,Illinois
CA-2023-1222,2023-04-23,C-1021,Christopher Young,Apple iPad Air,Technology,2695.5,5,310.4,East,New York
CA-2023-1223,2023-11-18,C-1004,Emily Davis,Label Maker Machine,Office Supplies,239.94,6,66.0,Central,Texas
CA-2023-1224,2023-08-14,C-1002,Jane Doe,Task Swivel Stool,Furniture,267.0,3,45.0,West,Washington
CA-2023-1225,2023-06-01,C-1011,Daniel White,Sticky Notes 3x3 Pack,Office Supplies,39.96,4,12.4,East,Pennsylvania
CA-2023-1226,2023-03-09,C-1018,Megan Robinson,Label Maker Machine,Office Supplies,83.98,3,4.21,South,North Carolina
CA-2023-1227,2023-05-20,C-1006,Sarah Taylor,LG 27-inch 4K Monitor,Technology,1256.4,4,168.32,Central,Illinois
CA-2023-1228,2023-02-28,C-1015,James Garcia,Dell XPS 15 Laptop,Technology,2998.0,2,560.0,Central,Michigan
CA-2023-1229,2023-10-13,C-1012,Ashley Harris,Dell XPS 15 Laptop,Technology,5996.0,4,1120.0,Central,Texas
CA-2023-1230,2023-10-02,C-1004,Emily Davis,Adjustable Standing Desk,Furniture,1077.3,3,99.24,South,Georgia
CA-2023-1231,2023-07-15,C-1021,Christopher Young,Executive Wooden Desk,Furniture,499.0,1,-40.0,South,Florida
CA-2023-1232,2023-01-13,C-1020,Rachel Hall,Label Maker Machine,Office Supplies,179.96,5,39.0,South,Georgia
CA-2023-1233,2023-04-24,C-1021,Christopher Young,Dell XPS 15 Laptop,Technology,7195.2,6,240.96,Central,Texas
CA-2023-1234,2023-11-29,C-1014,Amanda Thompson,HP LaserJet Pro Printer,Technology,598.0,2,120.0,West,California
CA-2023-1235,2023-06-05,C-1016,Jennifer Clark,HP LaserJet Pro Printer,Technology,299.0,1,60.0,South,North Carolina
CA-2023-1236,2023-03-11,C-1013,Matthew Martin,Adjustable Standing Desk,Furniture,837.9,3,-92.28,Central,Michigan
CA-2023-1237,2023-10-28,C-1024,Stephanie Wright,Sticky Notes 3x3 Pack,Office Supplies,15.98,2,3.0,West,Washington
CA-2023-1238,2023-09-08,C-1020,Rachel Hall,Modern Leather Recliner,Furniture,2097.0,3,-195.0,Central,Illinois
CA-2023-1239,2023-04-22,C-1015,James Garcia,Adjustable Standing Desk,Furniture,718.2,2,66.16,West,Washington
CA-2023-1240,2023-12-18,C-1012,Ashley Harris,Conference Room Table,Furniture,4854.6,6,228.48,West,California
CA-2023-1241,2023-07-23,C-1009,William Thomas,Apple iPad Air,Technology,479.2,1,14.16,West,Washington
CA-2023-1242,2023-12-06,C-1007,Robert Martinez,Amazon Basics Copy Paper (5 Reams),Office Supplies,134.4,6,10.92,West,California
CA-2023-1243,2023-01-26,C-1011,Daniel White,Canon EOS Rebel Camera,Technology,910.0,2,-72.0,East,Pennsylvania
CA-2023-1244,2023-02-05,C-1025,Andrew Scott,Conference Room Table,Furniture,1258.6,2,-211.52,East,Pennsylvania
CA-2023-1245,2023-04-30,C-1011,Daniel White,Mesh Desk Organizer,Office Supplies,34.99,2,3.0,West,California
CA-2023-1246,2023-05-22,C-1005,David Wilson,Logitech Wireless Mouse,Technology,134.95,5,30.5,East,New York
CA-2023-1247,2023-02-26,C-1022,Lauren Allen,Dry Erase Whiteboard 36x24,Office Supplies,49.99,1,14.0,West,California
CA-2023-1248,2023-07-03,C-1008,Lisa Anderson,Task Swivel Stool,Furniture,267.0,3,45.0,East,New York
CA-2023-1249,2023-05-16,C-1002,Jane Doe,Logitech Wireless Mouse,Technology,143.95,6,22.21,South,North Carolina
CA-2023-1250,2023-02-28,C-1024,Stephanie Wright,Dell XPS 15 Laptop,Technology,4796.8,4,160.64,Central,Illinois
CA-2023-1251,2023-09-20,C-1019,Kevin Walker,HP LaserJet Pro Printer,Technology,837.2,4,-47.04,East,Pennsylvania
CA-2023-1252,2023-11-11,C-1002,Jane Doe,Sticky Notes 3x3 Pack,Office Supplies,41.96,6,4.21,Central,Texas
CA-2023-1253,2023-08-23,C-1021,Christopher Young,Apple iPhone 14,Technology,639.2,1,22.16,Central,Michigan
CA-2023-1254,2023-08-07,C-1022,Lauren Allen,HP LaserJet Pro Printer,Technology,956.8,4,48.64,West,Washington
CA-2023-1255,2023-02-11,C-1011,Daniel White,LED Desk Lamp,Furniture,90.0,2,24.0,East,New York
CA-2023-1256,2023-05-21,C-1020,Rachel Hall,Amazon Basics Copy Paper (5 Reams),Office Supplies,112.0,5,9.1,Central,Illinois
CA-2023-1257,2023-07-15,C-1020,Rachel Hall,Modern Coffee Table,Furniture,477.6,3,-155.52,South,North Carolina
CA-2023-1258,2023-11-06,C-1014,Amanda Thompson,HP LaserJet Pro Printer,Technology,1794.0,6,360.0,South,North Carolina
CA-2023-1259,2023-04-21,C-1014,Amanda Thompson,Adjustable Standing Desk,Furniture,638.4,2,2.32,Central,Illinois
CA-2023-1260,2023-08-21,C-1013,Matthew Martin,Modern Leather Recliner,Furniture,4194.0,6,-390.0,Central,Illinois
CA-2023-1261,2023-08-07,C-1011,Daniel White,Heavy Duty Stapler,Office Supplies,53.97,3,10.2,East,New York
CA-2023-1262,2023-12-18,C-1016,Jennifer Clark,Dell XPS 15 Laptop,Technology,1499.0,1,280.0,West,Washington
CA-2023-1263,2023-08-10,C-1004,Emily Davis,Sticky Notes 3x3 Pack,Office Supplies,53.95,6,13.8,East,New York
CA-2023-1264,2023-10-12,C-1002,Jane Doe,Task Swivel Stool,Furniture,311.5,5,-31.8,Central,Illinois
CA-2023-1265,2023-12-10,C-1004,Emily Davis,Modern Leather Recliner,Furniture,1677.6,3,-530.52,West,California
CA-2023-1266,2023-05-28,C-1020,Rachel Hall,SanDisk 1TB Portable SSD,Technology,327.0,3,75.0,South,Georgia
CA-2023-1267,2023-09-17,C-1007,Robert Martinez,Logitech Wireless Mouse,Technology,143.95,6,22.21,East,Pennsylvania
CA-2023-1268,2023-02-25,C-1012,Ashley Harris,Dry Erase Whiteboard 36x24,Office Supplies,224.96,5,50.0,West,Washington
CA-2023-1269,2023-05-23,C-1019,Kevin Walker,Canon EOS Rebel Camera,Technology,1820.0,4,-144.0,South,Georgia
CA-2023-1270,2023-11-11,C-1022,Lauren Allen,Amazon Basics Copy Paper (5 Reams),Office Supplies,160.0,5,47.5,South,Georgia
CA-2023-1271,2023-12-03,C-1023,Joshua King,LG 27-inch 4K Monitor,Technology,349.0,1,70.0,Central,Texas
CA-2023-1272,2023-12-26,C-1025,Andrew Scott,SanDisk 1TB Portable SSD,Technology,294.3,3,48.84,West,California
CA-2023-1273,2023-04-03,C-1005,David Wilson,Task Swivel Stool,Furniture,427.2,6,4.56,West,Washington
CA-2023-1274,2023-03-14,C-1024,Stephanie Wright,Amazon Basics Copy Paper (5 Reams),Office Supplies,32.0,1,9.5,South,North Carolina
CA-2023-1275,2023-04-21,C-1013,Matthew Martin,Modern Leather Recliner,Furniture,2516.4,4,-483.68,East,New York
CA-2023-1276,2023-07-09,C-1010,Jessica Jackson,Sticky Notes 3x3 Pack,Office Supplies,20.98,3,2.11,South,Georgia
CA-2023-1277,2023-02-13,C-1002,Jane Doe,Logitech Wireless Mouse,Technology,41.99,2,2.6,West,California
CA-2023-1278,2023-12-12,C-1003,Michael Brown,LG 27-inch 4K Monitor,Technology,1116.8,4,56.64,South,Florida
CA-2023-1279,2023-11-07,C-1015,James Garcia,Modern Leather Recliner,Furniture,2097.0,3,-195.0,South,North Carolina
CA-2023-1280,2023-02-28,C-1012,Ashley Harris,Modern Leather Recliner,Furniture,629.1,1,-120.92,South,Georgia
CA-2023-1281,2023-09-07,C-1017,Brian Lewis,Heavy Duty Stapler,Office Supplies,59.97,3,15.0,East,Pennsylvania
CA-2023-1282,2023-07-22,C-1020,Rachel Hall,Samsung Galaxy S23,Technology,749.0,1,130.0,Central,Texas
CA-2023-1283,2023-04-19,C-1025,Andrew Scott,Logitech Wireless Mouse,Technology,80.97,3,18.3,Central,Illinois
CA-2023-1284,2023-03-03,C-1001,John Smith,Steel Filing Cabinet,Furniture,763.2,6,15.36,East,New York
CA-2023-1285,2023-03-08,C-1013,Matthew Martin,Conference Room Table,Furniture,5394.0,6,660.0,South,North Carolina
CA-2023-1286,2023-10-14,C-1022,Lauren Allen,Sharpie Permanent Markers (12-pack),Office Supplies,38.97,3,11.4,Central,Michigan
CA-2023-1287,2023-01-22,C-1014,Amanda Thompson,Apple iPhone 14,Technology,3196.0,4,600.0,Central,Illinois
CA-2023-1288,2023-10-22,C-1014,Amanda Thompson,Task Swivel Stool,Furniture,284.8,4,3.04,Central,Texas
CA-2023-1289,2023-02-28,C-1013,Matthew Martin,Apple iPhone 14,Technology,2397.0,3,450.0,South,Georgia
CA-2023-1290,2023-08-24,C-1023,Joshua King,Scotch Heavy Duty Packing Tape,Office Supplies,45.0,3,14.4,Central,Michigan
CA-2023-1291,2023-02-24,C-1008,Lisa Anderson,Modern Leather Recliner,Furniture,2796.0,5,-884.2,South,North Carolina
CA-2023-1292,2023-02-10,C-1013,Matthew Martin,Dry Erase Whiteboard 36x24,Office Supplies,134.97,3,30.0,East,Pennsylvania
CA-2023-1293,2023-06-20,C-1025,Andrew Scott,Sony WH-1000XM5 Headphones,Technology,279.3,1,-0.76,West,Washington
CA-2023-1294,2023-09-29,C-1017,Brian Lewis,Apple iPad Air,Technology,1617.3,3,186.24,East,New York
CA-2023-1295,2023-05-01,C-1004,Emily Davis,Logitech Wireless Mouse,Technology,89.97,3,25.5,East,New York
CA-2023-1296,2023-11-05,C-1005,David Wilson,Mesh Desk Organizer,Office Supplies,149.94,6,45.0,East,New York
CA-2023-1297,2023-11-18,C-1016,Jennifer Clark,Adjustable Standing Desk,Furniture,1396.5,5,-153.8,South,Florida
CA-2023-1298,2023-12-15,C-1019,Kevin Walker,Amazon Basics Copy Paper (5 Reams),Office Supplies,134.4,6,10.92,Central,Illinois
CA-2023-1299,2023-11-18,C-1011,Daniel White,Logitech Wireless Mouse,Technology,119.96,4,34.0,South,Florida
CA-2023-1300,2023-08-15,C-1021,Christopher Young,SanDisk 1TB Portable SSD,Technology,228.9,3,-3.48,West,California
CA-2023-1301,2023-06-30,C-1017,Brian Lewis,Dell XPS 15 Laptop,Technology,3597.6,3,120.48,South,Florida
CA-2023-1302,2023-01-20,C-1002,Jane Doe,Executive Wooden Desk,Furniture,1497.0,3,-120.0,West,Washington
CA-2023-1303,2023-11-11,C-1020,Rachel Hall,Modern Coffee Table,Furniture,636.8,4,-207.36,South,Georgia
CA-2023-1304,2023-10-11,C-1024,Stephanie Wright,Label Maker Machine,Office Supplies,31.99,1,4.6,South,Georgia
CA-2023-1305,2023-11-30,C-1007,Robert Martinez,Ergonomic Office Chair,Furniture,996.0,5,25.8,South,North Carolina
CA-2023-1306,2023-03-19,C-1002,Jane Doe,Adjustable Standing Desk,Furniture,359.1,1,33.08,West,Washington
CA-2023-1307,2023-09-16,C-1021,Christopher Young,Sony WH-1000XM5 Headphones,Technology,399.0,1,95.0,South,Florida
CA-2023-1308,2023-08-13,C-1017,Brian Lewis,Modern Coffee Table,Furniture,995.0,5,-100.0,Central,Illinois
CA-2023-1309,2023-07-10,C-1010,Jessica Jackson,5-Tier Wooden Bookshelf,Furniture,680.4,4,59.52,South,Georgia
CA-2023-1310,2023-01-27,C-1021,Christopher Young,Amazon Basics Copy Paper (5 Reams),Office Supplies,96.0,3,28.5,Central,Illinois
CA-2023-1311,2023-02-18,C-1018,Megan Robinson,Heavy Duty Stapler,Office Supplies,71.96,4,13.6,Central,Texas
CA-2023-1312,2023-12-03,C-1020,Rachel Hall,Dry Erase Whiteboard 36x24,Office Supplies,89.98,2,20.0,West,Washington
CA-2023-1313,2023-10-26,C-1022,Lauren Allen,Logitech Wireless Mouse,Technology,80.97,3,18.3,Central,Michigan
CA-2023-1314,2023-03-08,C-1020,Rachel Hall,Pilot G2 Gel Pens (Pack of 12),Office Supplies,13.05,1,3.04,South,North Carolina
CA-2023-1315,2023-07-12,C-1021,Christopher Young,Sharpie Permanent Markers (12-pack),Office Supplies,38.97,3,11.4,South,North Carolina
CA-2023-1316,2023-02-17,C-1021,Christopher Young,Heavy Duty Stapler,Office Supplies,55.97,4,0.81,Central,Illinois
CA-2023-1317,2023-01-10,C-1012,Ashley Harris,SanDisk 1TB Portable SSD,Technology,218.0,2,50.0,Central,Illinois
CA-2023-1318,2023-09-06,C-1007,Robert Martinez,Canon EOS Rebel Camera,Technology,1300.0,2,240.0,West,Washington
CA-2023-1319,2023-06-01,C-1004,Emily Davis,Modern Coffee Table,Furniture,696.5,5,-338.8,West,California
CA-2023-1320,2023-12-05,C-1011,Daniel White,Label Maker Machine,Office Supplies,199.95,5,55.0,South,Georgia
CA-2023-1321,2023-07-12,C-1005,David Wilson,Sony WH-1000XM5 Headphones,Technology,558.6,2,-1.52,East,New York
CA-2023-1322,2023-08-13,C-1002,Jane Doe,Modern Leather Recliner,Furniture,2097.0,3,-195.0,South,Florida
CA-2023-1323,2023-11-09,C-1010,Jessica Jackson,Mesh Desk Organizer,Office Supplies,119.95,6,21.01,East,Pennsylvania
CA-2023-1324,2023-10-01,C-1008,Lisa Anderson,SanDisk 1TB Portable SSD,Technology,436.0,4,100.0,Central,Illinois
CA-2023-1325,2023-12-14,C-1019,Kevin Walker,Adjustable Standing Desk,Furniture,1436.4,4,132.32,Central,Michigan
CA-2023-1326,2023-09-15,C-1017,Brian Lewis,Modern Leather Recliner,Furniture,1398.0,2,-130.0,South,Georgia
CA-2023-1327,2023-03-12,C-1009,William Thomas,Samsung Galaxy S23,Technology,3595.2,6,60.96,Central,Illinois
CA-2023-1328,2023-10-11,C-1004,Emily Davis,Pilot G2 Gel Pens (Pack of 12),Office Supplies,72.5,5,21.0,Central,Texas
CA-2023-1329,2023-02-12,C-1025,Andrew Scott,Sony WH-1000XM5 Headphones,Technology,957.6,3,93.48,South,North Carolina
CA-2023-1330,2023-03-17,C-1014,Amanda Thompson,Dell XPS 15 Laptop,Technology,2398.4,2,80.32,Central,Illinois
CA-2023-1331,2023-01-14,C-1014,Amanda Thompson,Samsung Galaxy S23,Technology,2097.2,4,-199.04,Central,Illinois
CA-2023-1332,2023-05-01,C-1013,Matthew Martin,Dell XPS 15 Laptop,Technology,4497.0,3,840.0,West,California
CA-2023-1333,2023-06-13,C-1004,Emily Davis,Expanding File Folder,Office Supplies,89.1,6,19.08,East,New York
CA-2023-1334,2023-03-12,C-1002,Jane Doe,SanDisk 1TB Portable SSD,Technology,436.0,4,100.0,South,Florida
CA-2023-1335,2023-08-18,C-1020,Rachel Hall,Apple iPhone 14,Technology,799.0,1,150.0,Central,Texas
CA-2023-1336,2023-04-21,C-1005,David Wilson,Conference Room Table,Furniture,3775.8,6,-634.56,South,North Carolina
CA-2023-1337,2023-08-05,C-1004,Emily Davis,Mesh Desk Organizer,Office Supplies,74.97,3,22.5,Central,Texas
CA-2023-1338,2023-03-04,C-1002,Jane Doe,Canon EOS Rebel Camera,Technology,1820.0,4,-144.0,South,Florida
CA-2023-1339,2023-02-02,C-1004,Emily Davis,Expanding File Folder,Office Supplies,46.2,4,2.16,South,North Carolina
CA-2023-1340,2023-01-09,C-1021,Christopher Young,Modern Coffee Table,Furniture,995.0,5,-100.0,East,New York
CA-2023-1341,2023-05-30,C-1014,Amanda Thompson,Apple iPhone 14,Technology,3595.5,5,430.4,East,Pennsylvania
CA-2023-1342,2023-10-20,C-1014,Amanda Thompson,Sony WH-1000XM5 Headphones,Technology,2394.0,6,570.0,South,North Carolina
CA-2023-1343,2023-07-04,C-1003,Michael Brown,Modern Coffee Table,Furniture,696.5,5,-338.8,South,North Carolina
CA-2023-1344,2023-10-11,C-1001,John Smith,5-Tier Wooden Bookshelf,Furniture,756.0,4,120.0,Central,Michigan
CA-2023-1345,2023-07-11,C-1009,William Thomas,Sticky Notes 3x3 Pack,Office Supplies,8.99,1,2.3,West,Washington
CA-2023-1346,2023-06-26,C-1008,Lisa Anderson,Sticky Notes 3x3 Pack,Office Supplies,59.94,6,18.6,South,Georgia
CA-2023-1347,2023-06-20,C-1005,David Wilson,Samsung Galaxy S23,Technology,1572.9,3,-149.28,Central,Illinois
CA-2023-1348,2023-11-26,C-1006,Sarah Taylor,Expanding File Folder,Office Supplies,79.2,6,11.16,South,Florida
CA-2023-1349,2023-11-20,C-1006,Sarah Taylor,Sharpie Permanent Markers (12-pack),Office Supplies,25.98,2,7.6,South,Florida
CA-2023-1350,2023-01-19,C-1010,Jessica Jackson,Apple iPad Air,Technology,599.0,1,110.0,West,California
CA-2023-1351,2023-06-11,C-1010,Jessica Jackson,Modern Coffee Table,Furniture,557.2,4,-271.04,South,Florida
CA-2023-1352,2023-05-10,C-1002,Jane Doe,Mesh Desk Organizer,Office Supplies,149.94,6,45.0,Central,Texas
CA-2023-1353,2023-07-02,C-1025,Andrew Scott,Samsung Galaxy S23,Technology,4044.6,6,420.48,Central,Texas
CA-2023-1354,2023-03-05,C-1012,Ashley Harris,Modern Leather Recliner,Furniture,2236.8,4,-707.36,Central,Michigan
CA-2023-1355,2023-06-23,C-1006,Sarah Taylor,Steel Filing Cabinet,Furniture,763.2,6,15.36,Central,Illinois
CA-2023-1356,2023-09-23,C-1009,William Thomas,Sharpie Permanent Markers (12-pack),Office Supplies,10.39,1,1.72,West,Washington
CA-2023-1357,2023-08-09,C-1020,Rachel Hall,Expanding File Folder,Office Supplies,23.1,2,1.08,Central,Texas
CA-2023-1358,2023-06-14,C-1004,Emily Davis,Dell XPS 15 Laptop,Technology,4047.3,3,480.24,Central,Texas
CA-2023-1359,2023-08-17,C-1020,Rachel Hall,Pilot G2 Gel Pens (Pack of 12),Office Supplies,58.0,4,16.8,South,Florida
CA-2023-1360,2023-06-29,C-1015,James Garcia,Samsung Galaxy S23,Technology,4044.6,6,420.48,South,Georgia
CA-2023-1361,2023-08-11,C-1009,William Thomas,Amazon Basics Copy Paper (5 Reams),Office Supplies,32.0,1,9.5,Central,Michigan
CA-2023-1362,2023-07-06,C-1017,Brian Lewis,Sharpie Permanent Markers (12-pack),Office Supplies,77.94,6,22.8,West,California
CA-2023-1363,2023-03-15,C-1020,Rachel Hall,Heavy Duty Stapler,Office Supplies,79.96,4,20.0,East,New York
CA-2023-1364,2023-02-04,C-1008,Lisa Anderson,Mesh Desk Organizer,Office Supplies,134.95,6,33.0,Central,Illinois
CA-2023-1365,2023-07-16,C-1019,Kevin Walker,Samsung Galaxy S23,Technology,3745.0,5,650.0,South,Florida
CA-2023-1366,2023-07-09,C-1012,Ashley Harris,Adjustable Standing Desk,Furniture,279.3,1,-30.76,East,New York
CA-2023-1367,2023-09-29,C-1012,Ashley Harris,5-Tier Wooden Bookshelf,Furniture,510.3,3,44.64,East,Pennsylvania
CA-2023-1368,2023-02-28,C-1001,John Smith,Sticky Notes 3x3 Pack,Office Supplies,15.98,2,3.0,South,North Carolina
CA-2023-1369,2023-07-18,C-1018,Megan Robinson,HP LaserJet Pro Printer,Technology,807.3,3,108.24,South,Florida
CA-2023-1370,2023-04-20,C-1020,Rachel Hall,SanDisk 1TB Portable SSD,Technology,523.2,6,45.36,East,Pennsylvania
CA-2023-1371,2023-03-04,C-1005,David Wilson,Dry Erase Whiteboard 36x24,Office Supplies,39.99,1,6.0,East,New York
CA-2023-1372,2023-08-16,C-1003,Michael Brown,Sharpie Permanent Markers (12-pack),Office Supplies,70.15,6,16.56,Central,Illinois
CA-2023-1373,2023-12-30,C-1003,Michael Brown,Conference Room Table,Furniture,4045.5,5,190.4,Central,Texas
CA-2023-1374,2023-03-22,C-1023,Joshua King,Pilot G2 Gel Pens (Pack of 12),Office Supplies,87.0,6,25.2,Central,Illinois
CA-2023-1375,2023-09-18,C-1008,Lisa Anderson,HP LaserJet Pro Printer,Technology,598.0,2,120.0,East,Pennsylvania
CA-2023-1376,2023-09-10,C-1001,John Smith,Executive Wooden Desk,Furniture,1746.5,5,-798.8,Central,Illinois
CA-2023-1377,2023-08-28,C-1018,Megan Robinson,Logitech Wireless Mouse,Technology,149.95,5,42.5,West,Washington
CA-2023-1378,2023-06-08,C-1013,Matthew Martin,Pilot G2 Gel Pens (Pack of 12),Office Supplies,69.6,6,11.28,South,North Carolina
CA-2023-1379,2023-07-30,C-1025,Andrew Scott,Modern Leather Recliner,Furniture,3495.0,5,-325.0,East,New York
CA-2023-1380,2023-06-12,C-1021,Christopher Young,Dell XPS 15 Laptop,Technology,4796.8,4,160.64,South,North Carolina
CA-2023-1381,2023-06-26,C-1005,David Wilson,Label Maker Machine,Office Supplies,139.97,5,7.01,East,New York
CA-2023-1382,2023-03-08,C-1014,Amanda Thompson,Modern Coffee Table,Furniture,199.0,1,-20.0,South,North Carolina
CA-2023-1383,2023-03-20,C-1010,Jessica Jackson,Sony WH-1000XM5 Headphones,Technology,718.2,2,126.16,East,Pennsylvania
CA-2023-1384,2023-06-27,C-1017,Brian Lewis,Label Maker Machine,Office Supplies,119.97,3,33.0,Central,Texas
CA-2023-1385,2023-04-11,C-1021,Christopher Young,Conference Room Table,Furniture,2697.0,3,330.0,Central,Texas
CA-2023-1386,2023-11-11,C-1018,Megan Robinson,Dell XPS 15 Laptop,Technology,7495.0,5,1400.0,South,Georgia
CA-2023-1387,2023-10-25,C-1005,David Wilson,Sony WH-1000XM5 Headphones,Technology,1675.8,6,-4.56,South,Georgia
CA-2023-1388,2023-06-22,C-1019,Kevin Walker,Samsung Galaxy S23,Technology,749.0,1,130.0,West,California
CA-2023-1389,2023-11-25,C-1025,Andrew Scott,Task Swivel Stool,Furniture,267.0,3,45.0,South,Georgia
CA-2023-1390,2023-08-02,C-1020,Rachel Hall,Amazon Basics Copy Paper (5 Reams),Office Supplies,25.6,1,4.38,South,North Carolina
CA-2023-1391,2023-05-29,C-1021,Christopher Young,SanDisk 1TB Portable SSD,Technology,436.0,4,100.0,Central,Michigan
CA-2023-1392,2023-06-02,C-1015,James Garcia,Dell XPS 15 Laptop,Technology,8994.0,6,1680.0,East,New York
CA-2023-1393,2023-08-14,C-1014,Amanda Thompson,Steel Filing Cabinet,Furniture,636.0,4,112.0,Central,Illinois
CA-2023-1394,2023-11-07,C-1005,David Wilson,Ergonomic Office Chair,Furniture,1344.6,6,150.48,Central,Illinois
CA-2023-1395,2023-07-24,C-1005,David Wilson,Mesh Desk Organizer,Office Supplies,52.48,3,4.51,South,North Carolina
CA-2023-1396,2023-02-24,C-1011,Daniel White,Canon EOS Rebel Camera,Technology,2600.0,4,480.0,Central,Texas
CA-2023-1397,2023-08-19,C-1008,Lisa Anderson,Logitech Wireless Mouse,Technology,29.99,1,8.5,Central,Texas
CA-2023-1398,2023-07-16,C-1020,Rachel Hall,Modern Leather Recliner,Furniture,1398.0,2,-130.0,Central,Illinois
CA-2023-1399,2023-10-23,C-1024,Stephanie Wright,Ergonomic Office Chair,Furniture,498.0,2,90.0,South,Florida
CA-2023-1400,2023-09-21,C-1015,James Garcia,Steel Filing Cabinet,Furniture,381.6,3,7.68,West,California
CA-2023-1401,2023-02-16,C-1013,Matthew Martin,Modern Coffee Table,Furniture,796.0,4,-80.0,East,Pennsylvania
CA-2023-1402,2023-10-26,C-1012,Ashley Harris,Samsung Galaxy S23,Technology,674.1,1,70.08,South,Florida
CA-2023-1403,2023-11-02,C-1021,Christopher Young,Heavy Duty Stapler,Office Supplies,71.96,4,13.6,South,North Carolina
CA-2023-1404,2023-01-05,C-1004,Emily Davis,Modern Leather Recliner,Furniture,1258.2,2,-241.84,Central,Illinois
CA-2023-1405,2023-07-26,C-1012,Ashley Harris,Samsung Galaxy S23,Technology,2996.0,4,520.0,South,Georgia
CA-2023-1406,2023-10-15,C-1007,Robert Martinez,Executive Wooden Desk,Furniture,2245.5,5,-399.6,West,Washington
CA-2023-1407,2023-07-17,C-1017,Brian Lewis,Adjustable Standing Desk,Furniture,1795.5,5,165.4,South,Georgia
CA-2023-1408,2023-12-15,C-1020,Rachel Hall,HP LaserJet Pro Printer,Technology,598.0,2,120.0,Central,Michigan
CA-2023-1409,2023-07-11,C-1011,Daniel White,Conference Room Table,Furniture,2697.0,3,330.0,East,Pennsylvania
CA-2023-1410,2023-11-05,C-1017,Brian Lewis,5-Tier Wooden Bookshelf,Furniture,945.0,5,150.0,West,California
CA-2023-1411,2023-01-20,C-1005,David Wilson,Pilot G2 Gel Pens (Pack of 12),Office Supplies,34.8,3,5.64,South,North Carolina
CA-2023-1412,2023-08-22,C-1005,David Wilson,LED Desk Lamp,Furniture,225.0,5,60.0,Central,Illinois
CA-2023-1413,2023-11-10,C-1011,Daniel White,Sony WH-1000XM5 Headphones,Technology,1117.2,4,-3.04,Central,Texas
CA-2023-1414,2023-10-31,C-1011,Daniel White,Modern Coffee Table,Furniture,696.5,5,-338.8,South,Florida
CA-2023-1415,2023-12-29,C-1019,Kevin Walker,SanDisk 1TB Portable SSD,Technology,436.0,4,100.0,Central,Illinois
CA-2023-1416,2023-06-19,C-1022,Lauren Allen,HP LaserJet Pro Printer,Technology,837.2,4,-47.04,Central,Texas
CA-2023-1417,2023-12-19,C-1021,Christopher Young,Apple iPhone 14,Technology,3196.0,5,110.8,Central,Texas
CA-2023-1418,2023-12-02,C-1025,Andrew Scott,Task Swivel Stool,Furniture,445.0,5,75.0,West,California
CA-2023-1419,2023-10-26,C-1016,Jennifer Clark,Sony WH-1000XM5 Headphones,Technology,1396.5,5,-3.8,Central,Michigan
CA-2023-1420,2023-03-17,C-1022,Lauren Allen,Canon EOS Rebel Camera,Technology,455.0,1,-36.0,West,Washington
CA-2023-1421,2023-04-08,C-1001,John Smith,Adjustable Standing Desk,Furniture,957.6,3,3.48,East,New York
CA-2023-1422,2023-07-31,C-1023,Joshua King,Apple iPad Air,Technology,1677.2,4,-135.04,South,Georgia
CA-2023-1423,2023-08-30,C-1024,Stephanie Wright,Sticky Notes 3x3 Pack,Office Supplies,9.99,1,3.1,South,North Carolina
CA-2023-1424,2023-04-17,C-1018,Megan Robinson,Ergonomic Office Chair,Furniture,1195.2,6,30.96,South,North Carolina
CA-2023-1425,2023-07-12,C-1011,Daniel White,Sony WH-1000XM5 Headphones,Technology,1117.2,4,-3.04,Central,Illinois
CA-2023-1426,2023-10-07,C-1012,Ashley Harris,Heavy Duty Stapler,Office Supplies,107.95,6,20.4,South,Georgia
CA-2023-1427,2023-09-05,C-1007,Robert Martinez,Canon EOS Rebel Camera,Technology,1365.0,3,-108.0,Central,Texas
CA-2023-1428,2023-04-26,C-1010,Jessica Jackson,Mesh Desk Organizer,Office Supplies,74.97,3,22.5,South,Florida
CA-2023-1429,2023-06-12,C-1016,Jennifer Clark,Executive Wooden Desk,Furniture,2245.5,5,-399.6,Central,Texas
CA-2023-1430,2023-03-04,C-1019,Kevin Walker,Heavy Duty Stapler,Office Supplies,79.96,5,9.01,Central,Michigan
CA-2023-1431,2023-06-26,C-1025,Andrew Scott,Sharpie Permanent Markers (12-pack),Office Supplies,23.38,2,5.52,West,California
CA-2023-1432,2023-05-28,C-1023,Joshua King,Dell XPS 15 Laptop,Technology,3597.6,3,120.48,Central,Texas
CA-2023-1433,2023-09-03,C-1007,Robert Martinez,Apple iPad Air,Technology,2695.5,5,310.4,South,North Carolina
CA-2023-1434,2023-12-23,C-1009,William Thomas,Logitech Wireless Mouse,Technology,20.99,1,1.3,South,Georgia
CA-2023-1435,2023-05-03,C-1008,Lisa Anderson,Samsung Galaxy S23,Technology,3145.8,6,-298.56,East,Pennsylvania
CA-2023-1436,2023-11-23,C-1008,Lisa Anderson,Samsung Galaxy S23,Technology,599.2,1,10.16,Central,Illinois
CA-2023-1437,2023-08-30,C-1004,Emily Davis,Heavy Duty Stapler,Office Supplies,39.98,2,10.0,South,North Carolina
CA-2023-1438,2023-03-22,C-1014,Amanda Thompson,Amazon Basics Copy Paper (5 Reams),Office Supplies,102.4,4,17.52,East,Pennsylvania
CA-2023-1439,2023-05-28,C-1011,Daniel White,SanDisk 1TB Portable SSD,Technology,654.0,6,150.0,West,Washington
CA-2023-1440,2023-11-30,C-1019,Kevin Walker,Canon EOS Rebel Camera,Technology,3250.0,5,600.0,East,New York
CA-2023-1441,2023-08-02,C-1006,Sarah Taylor,Scotch Heavy Duty Packing Tape,Office Supplies,12.0,1,2.4,South,Florida
CA-2023-1442,2023-04-06,C-1024,Stephanie Wright,Dry Erase Whiteboard 36x24,Office Supplies,149.97,3,42.0,West,California
CA-2023-1443,2023-06-02,C-1019,Kevin Walker,LED Desk Lamp,Furniture,40.5,1,8.4,Central,Texas
CA-2023-1444,2023-08-21,C-1021,Christopher Young,Conference Room Table,Furniture,3596.0,5,-169.2,East,New York
CA-2023-1445,2023-09-16,C-1015,James Garcia,LG 27-inch 4K Monitor,Technology,698.0,2,140.0,Central,Illinois
CA-2023-1446,2023-03-25,C-1024,Stephanie Wright,Adjustable Standing Desk,Furniture,2154.6,6,198.48,East,New York
CA-2023-1447,2023-01-08,C-1024,Stephanie Wright,Ergonomic Office Chair,Furniture,522.9,3,-44.28,East,Pennsylvania
CA-2023-1448,2023-03-31,C-1020,Rachel Hall,Dry Erase Whiteboard 36x24,Office Supplies,239.95,6,36.01,Central,Michigan
CA-2023-1449,2023-09-21,C-1011,Daniel White,Dell XPS 15 Laptop,Technology,5996.0,4,1120.0,East,New York
CA-2023-1450,2023-03-13,C-1016,Jennifer Clark,Ergonomic Office Chair,Furniture,498.0,2,90.0,Central,Texas
CA-2023-1451,2023-07-16,C-1008,Lisa Anderson,Adjustable Standing Desk,Furniture,1077.3,3,99.24,Central,Texas
CA-2023-1452,2023-10-26,C-1024,Stephanie Wright,Task Swivel Stool,Furniture,80.1,1,7.88,Central,Illinois
CA-2023-1453,2023-12-21,C-1008,Lisa Anderson,Samsung Galaxy S23,Technology,4494.0,6,780.0,South,Florida
CA-2023-1454,2023-06-07,C-1006,Sarah Taylor,5-Tier Wooden Bookshelf,Furniture,793.8,6,-92.16,Central,Texas
CA-2023-1455,2023-12-20,C-1004,Emily Davis,Amazon Basics Copy Paper (5 Reams),Office Supplies,86.4,3,20.82,South,Georgia
CA-2023-1456,2023-04-24,C-1008,Lisa Anderson,Logitech Wireless Mouse,Technology,119.96,4,34.0,South,Florida
CA-2023-1457,2023-11-07,C-1012,Ashley Harris,Modern Leather Recliner,Furniture,2935.8,6,-1396.56,South,Florida
CA-2023-1458,2023-10-03,C-1022,Lauren Allen,Expanding File Folder,Office Supplies,33.0,2,9.0,South,Georgia
CA-2023-1459,2023-02-11,C-1017,Brian Lewis,Adjustable Standing Desk,Furniture,1795.5,5,165.4,West,Washington
CA-2023-1460,2023-10-16,C-1004,Emily Davis,Samsung Galaxy S23,Technology,2621.5,5,-248.8,East,Pennsylvania
CA-2023-1461,2023-10-21,C-1018,Megan Robinson,Logitech Wireless Mouse,Technology,53.98,2,12.2,South,North Carolina
CA-2023-1462,2023-08-15,C-1004,Emily Davis,Heavy Duty Stapler,Office Supplies,27.99,2,0.4,South,Florida
CA-2023-1463,2023-02-16,C-1017,Brian Lewis,Adjustable Standing Desk,Furniture,319.2,1,1.16,East,New York
CA-2023-1464,2023-09-20,C-1014,Amanda Thompson,Adjustable Standing Desk,Furniture,1995.0,5,325.0,South,North Carolina
CA-2023-1465,2023-08-25,C-1022,Lauren Allen,Sharpie Permanent Markers (12-pack),Office Supplies,38.97,3,11.4,Central,Michigan
CA-2023-1466,2023-05-11,C-1001,John Smith,Sticky Notes 3x3 Pack,Office Supplies,13.99,2,1.4,West,Washington
CA-2023-1467,2023-01-24,C-1014,Amanda Thompson,Executive Wooden Desk,Furniture,2994.0,6,-240.0,South,North Carolina
CA-2023-1468,2023-01-31,C-1003,Michael Brown,Scotch Heavy Duty Packing Tape,Office Supplies,60.0,4,19.2,Central,Texas
CA-2023-1469,2023-07-29,C-1006,Sarah Taylor,Mesh Desk Organizer,Office Supplies,39.98,2,7.0,Central,Illinois
CA-2023-1470,2023-07-15,C-1015,James Garcia,Dry Erase Whiteboard 36x24,Office Supplies,159.97,4,24.01,West,Washington
CA-2023-1471,2023-12-16,C-1022,Lauren Allen,Dry Erase Whiteboard 36x24,Office Supplies,249.95,5,70.0,Central,Illinois
CA-2023-1472,2023-03-02,C-1006,Sarah Taylor,Conference Room Table,Furniture,2517.2,4,-423.04,East,New York
CA-2023-1473,2023-04-25,C-1001,John Smith,Mesh Desk Organizer,Office Supplies,22.49,1,5.5,South,Florida
CA-2023-1474,2023-12-11,C-1024,Stephanie Wright,Conference Room Table,Furniture,2517.2,4,-423.04,Central,Michigan
CA-2023-1475,2023-04-28,C-1008,Lisa Anderson,Adjustable Standing Desk,Furniture,1197.0,3,195.0,Central,Texas
CA-2023-1476,2023-04-07,C-1024,Stephanie Wright,Mesh Desk Organizer,Office Supplies,24.99,1,7.5,Central,Michigan
CA-2023-1477,2023-11-11,C-1025,Andrew Scott,Scotch Heavy Duty Packing Tape,Office Supplies,15.0,1,4.8,East,Pennsylvania
CA-2023-1478,2023-02-04,C-1004,Emily Davis,LED Desk Lamp,Furniture,36.0,1,4.8,South,Georgia
CA-2023-1479,2023-12-11,C-1023,Joshua King,Dry Erase Whiteboard 36x24,Office Supplies,49.99,1,14.0,West,California
CA-2023-1480,2023-07-25,C-1015,James Garcia,Canon EOS Rebel Camera,Technology,3250.0,5,600.0,West,California
CA-2023-1481,2023-03-13,C-1017,Brian Lewis,SanDisk 1TB Portable SSD,Technology,152.6,2,-2.32,Central,Illinois
CA-2023-1482,2023-10-23,C-1020,Rachel Hall,Mesh Desk Organizer,Office Supplies,134.95,6,33.0,East,Pennsylvania
CA-2023-1483,2023-06-04,C-1005,David Wilson,Heavy Duty Stapler,Office Supplies,99.95,5,25.0,Central,Michigan
CA-2023-1484,2023-06-03,C-1009,William Thomas,Samsung Galaxy S23,Technology,2621.5,5,-248.8,East,New York
CA-2023-1485,2023-11-17,C-1022,Lauren Allen,Modern Leather Recliner,Furniture,2796.0,5,-884.2,West,California
CA-2023-1486,2023-06-26,C-1021,Christopher Young,Heavy Duty Stapler,Office Supplies,55.97,4,0.81,Central,Illinois
CA-2023-1487,2023-12-23,C-1014,Amanda Thompson,Modern Leather Recliner,Furniture,1258.2,2,-241.84,Central,Michigan
CA-2023-1488,2023-04-05,C-1025,Andrew Scott,Conference Room Table,Furniture,3596.0,4,440.0,East,Pennsylvania
CA-2023-1489,2023-06-03,C-1023,Joshua King,Logitech Wireless Mouse,Technology,119.96,4,34.0,South,North Carolina
CA-2023-1490,2023-07-31,C-1014,Amanda Thompson,Conference Room Table,Furniture,4495.0,5,550.0,Central,Michigan
CA-2023-1491,2023-05-05,C-1009,William Thomas,Apple iPad Air,Technology,1797.0,3,330.0,South,Florida
CA-2023-1492,2023-07-09,C-1003,Michael Brown,Conference Room Table,Furniture,5394.0,6,660.0,West,California
CA-2023-1493,2023-05-18,C-1013,Matthew Martin,Heavy Duty Stapler,Office Supplies,69.96,5,1.01,West,California
CA-2023-1494,2023-02-07,C-1007,Robert Martinez,Sharpie Permanent Markers (12-pack),Office Supplies,45.46,5,3.41,East,Pennsylvania
CA-2023-1495,2023-09-03,C-1007,Robert Martinez,Dry Erase Whiteboard 36x24,Office Supplies,134.97,3,30.0,West,California
CA-2023-1496,2023-04-19,C-1007,Robert Martinez,Sticky Notes 3x3 Pack,Office Supplies,7.99,1,1.5,East,Pennsylvania
CA-2023-1497,2023-12-23,C-1020,Rachel Hall,Pilot G2 Gel Pens (Pack of 12),Office Supplies,23.2,2,3.76,East,Pennsylvania
CA-2023-1498,2023-10-10,C-1011,Daniel White,Mesh Desk Organizer,Office Supplies,59.98,3,10.5,South,Florida
CA-2023-1499,2023-10-01,C-1021,Christopher Young,Executive Wooden Desk,Furniture,1347.3,3,-239.76,Central,Illinois
CA-2023-1500,2023-09-20,C-1016,Jennifer Clark,Adjustable Standing Desk,Furniture,319.2,1,1.16,Central,Illinois
CA-2023-1501,2023-04-15,C-1012,Ashley Harris,Ergonomic Office Chair,Furniture,996.0,4,180.0,South,Georgia
CA-2023-1502,2023-04-24,C-1024,Stephanie Wright,Logitech Wireless Mouse,Technology,26.99,1,6.1,South,North Carolina
CA-2023-1503,2023-10-27,C-1019,Kevin Walker,Sticky Notes 3x3 Pack,Office Supplies,35.96,4,9.2,East,New York
CA-2023-1504,2023-04-11,C-1011,Daniel White,Canon EOS Rebel Camera,Technology,1820.0,4,-144.0,East,Pennsylvania
CA-2023-1505,2023-09-13,C-1018,Megan Robinson,Amazon Basics Copy Paper (5 Reams),Office Supplies,172.8,6,41.64,Central,Texas
CA-2023-1506,2023-09-08,C-1024,Stephanie Wright,Amazon Basics Copy Paper (5 Reams),Office Supplies,153.6,6,26.28,South,Florida
CA-2023-1507,2023-03-28,C-1024,Stephanie Wright,Sharpie Permanent Markers (12-pack),Office Supplies,38.97,3,11.4,East,New York
CA-2023-1508,2023-10-07,C-1016,Jennifer Clark,Sony WH-1000XM5 Headphones,Technology,1995.0,5,475.0,South,North Carolina
CA-2023-1509,2023-01-18,C-1003,Michael Brown,Expanding File Folder,Office Supplies,99.0,6,27.0,West,California
CA-2023-1510,2023-07-31,C-1005,David Wilson,Expanding File Folder,Office Supplies,99.0,6,27.0,West,Washington
CA-2023-1511,2023-12-29,C-1005,David Wilson,Apple iPhone 14,Technology,1118.6,2,-83.52,South,Florida
CA-2023-1512,2023-07-11,C-1002,Jane Doe,LED Desk Lamp,Furniture,189.0,6,7.2,South,Florida
CA-2023-1513,2023-12-04,C-1016,Jennifer Clark,Apple iPhone 14,Technology,559.3,1,-41.76,South,North Carolina
CA-2023-1514,2023-07-30,C-1001,John Smith,Apple iPhone 14,Technology,3595.5,5,430.4,South,North Carolina
CA-2023-1515,2023-05-27,C-1001,John Smith,Modern Coffee Table,Furniture,955.2,6,-311.04,East,New York
CA-2023-1516,2023-02-24,C-1004,Emily Davis,Modern Coffee Table,Furniture,398.0,2,-40.0,East,Pennsylvania
CA-2023-1517,2023-11-14,C-1017,Brian Lewis,LG 27-inch 4K Monitor,Technology,942.3,3,126.24,Central,Michigan
CA-2023-1518,2023-02-10,C-1012,Ashley Harris,5-Tier Wooden Bookshelf,Furniture,529.2,4,-61.44,East,Pennsylvania
CA-2023-1519,2023-12-23,C-1008,Lisa Anderson,SanDisk 1TB Portable SSD,Technology,654.0,6,150.0,West,California
CA-2023-1520,2023-02-17,C-1013,Matthew Martin,5-Tier Wooden Bookshelf,Furniture,529.2,4,-61.44,South,Florida
CA-2023-1521,2023-01-29,C-1021,Christopher Young,Apple iPhone 14,Technology,4794.0,6,900.0,West,Washington
CA-2023-1522,2023-09-13,C-1014,Amanda Thompson,Amazon Basics Copy Paper (5 Reams),Office Supplies,67.2,3,5.46,West,Washington
CA-2023-1523,2023-09-28,C-1002,Jane Doe,Canon EOS Rebel Camera,Technology,910.0,2,-72.0,South,Florida
CA-2023-1524,2023-05-19,C-1002,Jane Doe,Scotch Heavy Duty Packing Tape,Office Supplies,13.5,1,3.6,South,North Carolina
CA-2023-1525,2023-10-16,C-1022,Lauren Allen,Samsung Galaxy S23,Technology,1348.2,2,140.16,West,California
CA-2023-1526,2023-04-17,C-1019,Kevin Walker,Logitech Wireless Mouse,Technology,143.95,6,22.21,West,Washington
CA-2023-1527,2023-06-03,C-1006,Sarah Taylor,Task Swivel Stool,Furniture,124.6,2,-12.72,Central,Michigan
CA-2023-1528,2023-12-13,C-1018,Megan Robinson,Ergonomic Office Chair,Furniture,996.0,4,180.0,West,Washington
CA-2023-1529,2023-09-14,C-1024,Stephanie Wright,Executive Wooden Desk,Furniture,499.0,1,-40.0,Central,Michigan
CA-2023-1530,2023-04-29,C-1003,Michael Brown,Ergonomic Office Chair,Furniture,871.5,5,-73.8,South,Georgia
CA-2023-1531,2023-07-23,C-1025,Andrew Scott,Ergonomic Office Chair,Furniture,224.1,1,25.08,South,Florida
CA-2023-1532,2023-09-09,C-1008,Lisa Anderson,Executive Wooden Desk,Furniture,1996.0,5,-599.2,Central,Michigan
CA-2023-1533,2023-04-06,C-1022,Lauren Allen,Task Swivel Stool,Furniture,427.2,6,4.56,West,Washington
CA-2023-1534,2023-11-13,C-1010,Jessica Jackson,Sharpie Permanent Markers (12-pack),Office Supplies,25.98,2,7.6,West,Washington
CA-2023-1535,2023-05-18,C-1005,David Wilson,5-Tier Wooden Bookshelf,Furniture,1134.0,6,180.0,Central,Michigan
CA-2023-1536,2023-06-12,C-1012,Ashley Harris,HP LaserJet Pro Printer,Technology,299.0,1,60.0,Central,Texas
CA-2023-1537,2023-08-16,C-1012,Ashley Harris,Mesh Desk Organizer,Office Supplies,74.97,3,22.5,East,New York
CA-2023-1538,2023-02-14,C-1006,Sarah Taylor,Modern Leather Recliner,Furniture,1957.2,4,-931.04,South,North Carolina
CA-2023-1539,2023-09-20,C-1014,Amanda Thompson,HP LaserJet Pro Printer,Technology,299.0,1,60.0,Central,Illinois
CA-2023-1540,2023-10-11,C-1003,Michael Brown,LED Desk Lamp,Furniture,202.5,5,42.0,Central,Michigan
CA-2023-1541,2023-01-07,C-1010,Jessica Jackson,Modern Leather Recliner,Furniture,2796.0,4,-260.0,South,North Carolina
CA-2023-1542,2023-05-05,C-1019,Kevin Walker,Modern Coffee Table,Furniture,318.4,2,-103.68,East,New York
CA-2023-1543,2023-03-13,C-1009,William Thomas,SanDisk 1TB Portable SSD,Technology,261.6,3,22.68,East,New York
CA-2023-1544,2023-02-02,C-1006,Sarah Taylor,Modern Leather Recliner,Furniture,1677.6,3,-530.52,Central,Texas
CA-2023-1545,2023-09-05,C-1003,Michael Brown,Executive Wooden Desk,Furniture,1497.0,3,-120.0,South,Florida
CA-2023-1546,2023-11-01,C-1020,Rachel Hall,Apple iPad Air,Technology,2396.0,4,440.0,East,New York
CA-2023-1547,2023-06-05,C-1001,John Smith,5-Tier Wooden Bookshelf,Furniture,396.9,3,-46.08,Central,Michigan
CA-2023-1548,2023-06-18,C-1015,James Garcia,Ergonomic Office Chair,Furniture,697.2,4,-59.04,East,New York
CA-2023-1549,2023-06-03,C-1011,Daniel White,LED Desk Lamp,Furniture,270.0,6,72.0,South,Florida
CA-2023-1550,2023-06-10,C-1006,Sarah Taylor,5-Tier Wooden Bookshelf,Furniture,510.3,3,44.64,South,Florida
CA-2023-1551,2023-10-22,C-1008,Lisa Anderson,Ergonomic Office Chair,Furniture,896.4,4,100.32,Central,Michigan
CA-2023-1552,2023-07-06,C-1004,Emily Davis,Scotch Heavy Duty Packing Tape,Office Supplies,75.0,5,24.0,South,Georgia
CA-2023-1553,2023-10-07,C-1006,Sarah Taylor,Heavy Duty Stapler,Office Supplies,99.95,5,25.0,South,Florida
CA-2023-1554,2023-12-29,C-1007,Robert Martinez,Adjustable Standing Desk,Furniture,1197.0,3,195.0,Central,Michigan
CA-2023-1555,2023-12-11,C-1016,Jennifer Clark,Logitech Wireless Mouse,Technology,161.95,6,36.6,East,Pennsylvania
CA-2023-1556,2023-05-10,C-1022,Lauren Allen,Logitech Wireless Mouse,Technology,143.95,6,22.21,Central,Michigan
CA-2023-1557,2023-02-07,C-1015,James Garcia,LED Desk Lamp,Furniture,126.0,4,4.8,Central,Michigan
CA-2023-1558,2023-10-01,C-1017,Brian Lewis,Scotch Heavy Duty Packing Tape,Office Supplies,72.0,6,14.4,South,North Carolina
CA-2023-1559,2023-01-19,C-1012,Ashley Harris,Pilot G2 Gel Pens (Pack of 12),Office Supplies,50.75,5,3.6,West,Washington
CA-2023-1560,2023-02-25,C-1025,Andrew Scott,Canon EOS Rebel Camera,Technology,3510.0,6,408.0,East,New York
CA-2023-1561,2023-11-28,C-1020,Rachel Hall,Samsung Galaxy S23,Technology,2996.0,5,50.8,Central,Illinois
CA-2023-1562,2023-08-09,C-1004,Emily Davis,Apple iPhone 14,Technology,719.1,1,86.08,East,Pennsylvania
CA-2023-1563,2023-09-19,C-1024,Stephanie Wright,Modern Coffee Table,Furniture,696.5,5,-338.8,South,Georgia
CA-2023-1564,2023-04-24,C-1015,James Garcia,Executive Wooden Desk,Furniture,1596.8,4,-479.36,South,Georgia
CA-2023-1565,2023-12-20,C-1017,Brian Lewis,Logitech Wireless Mouse,Technology,89.97,3,25.5,South,Florida
CA-2023-1566,2023-02-23,C-1010,Jessica Jackson,Modern Leather Recliner,Furniture,699.0,1,-65.0,East,New York
CA-2023-1567,2023-06-28,C-1010,Jessica Jackson,Ergonomic Office Chair,Furniture,996.0,4,180.0,South,North Carolina
CA-2023-1568,2023-09-05,C-1012,Ashley Harris,Steel Filing Cabinet,Furniture,127.2,1,2.56,South,Florida
CA-2023-1569,2023-06-13,C-1003,Michael Brown,SanDisk 1TB Portable SSD,Technology,109.0,1,25.0,West,California
CA-2023-1570,2023-06-25,C-1021,Christopher Young,HP LaserJet Pro Printer,Technology,1794.0,6,360.0,East,Pennsylvania
CA-2023-1571,2023-09-22,C-1006,Sarah Taylor,Conference Room Table,Furniture,1618.2,2,76.16,South,North Carolina
CA-2023-1572,2023-08-07,C-1015,James Garcia,Canon EOS Rebel Camera,Technology,2600.0,4,480.0,East,New York
CA-2023-1573,2023-11-24,C-1022,Lauren Allen,Modern Leather Recliner,Furniture,2796.0,4,-260.0,South,Georgia
CA-2023-1574,2023-04-12,C-1015,James Garcia,Task Swivel Stool,Furniture,284.8,4,3.04,West,California
CA-2023-1575,2023-12-27,C-1007,Robert Martinez,Apple iPad Air,Technology,1797.0,3,330.0,South,Georgia
CA-2023-1576,2023-02-22,C-1018,Megan Robinson,Sony WH-1000XM5 Headphones,Technology,1077.3,3,189.24,East,Pennsylvania
CA-2023-1577,2023-08-23,C-1004,Emily Davis,LG 27-inch 4K Monitor,Technology,1675.2,6,84.96,South,North Carolina
CA-2023-1578,2023-11-24,C-1011,Daniel White,LED Desk Lamp,Furniture,126.0,4,4.8,Central,Michigan
CA-2023-1579,2023-10-28,C-1004,Emily Davis,Executive Wooden Desk,Furniture,1197.6,3,-359.52,South,Georgia
CA-2023-1580,2023-03-30,C-1022,Lauren Allen,Pilot G2 Gel Pens (Pack of 12),Office Supplies,30.45,3,2.16,South,Georgia
CA-2023-1581,2023-02-13,C-1022,Lauren Allen,Logitech Wireless Mouse,Technology,89.97,3,25.5,East,Pennsylvania
CA-2023-1582,2023-06-06,C-1004,Emily Davis,Sony WH-1000XM5 Headphones,Technology,1197.0,3,285.0,South,North Carolina
CA-2023-1583,2023-07-18,C-1014,Amanda Thompson,LED Desk Lamp,Furniture,63.0,2,2.4,Central,Michigan
CA-2023-1584,2023-08-05,C-1006,Sarah Taylor,Steel Filing Cabinet,Furniture,667.8,6,-60.96,East,New York
CA-2023-1585,2023-10-12,C-1006,Sarah Taylor,Steel Filing Cabinet,Furniture,477.0,3,84.0,East,New York
CA-2023-1586,2023-06-11,C-1015,James Garcia,LED Desk Lamp,Furniture,40.5,1,8.4,West,California
CA-2023-1587,2023-09-06,C-1005,David Wilson,Apple iPad Air,Technology,1677.2,4,-135.04,South,North Carolina
CA-2023-1588,2023-12-01,C-1016,Jennifer Clark,Modern Leather Recliner,Furniture,3355.2,6,-1061.04,Central,Michigan
CA-2023-1589,2023-12-30,C-1015,James Garcia,Steel Filing Cabinet,Furniture,318.0,2,56.0,South,Georgia
CA-2023-1590,2023-01-16,C-1025,Andrew Scott,Canon EOS Rebel Camera,Technology,1950.0,3,360.0,Central,Texas
CA-2023-1591,2023-04-26,C-1018,Megan Robinson,SanDisk 1TB Portable SSD,Technology,174.4,2,15.12,South,Georgia
CA-2023-1592,2023-09-11,C-1018,Megan Robinson,Modern Coffee Table,Furniture,139.3,1,-67.76,West,Washington
CA-2023-1593,2023-05-18,C-1025,Andrew Scott,Conference Room Table,Furniture,1887.9,3,-317.28,West,California
CA-2023-1594,2023-08-14,C-1018,Megan Robinson,Apple iPad Air,Technology,2396.0,4,440.0,East,Pennsylvania
CA-2023-1595,2023-06-02,C-1002,Jane Doe,Adjustable Standing Desk,Furniture,1077.3,3,99.24,West,Washington
CA-2023-1596,2023-08-13,C-1004,Emily Davis,Mesh Desk Organizer,Office Supplies,49.98,2,15.0,South,Georgia
CA-2023-1597,2023-12-19,C-1012,Ashley Harris,Dry Erase Whiteboard 36x24,Office Supplies,209.96,6,12.01,Central,Michigan
CA-2023-1598,2023-03-26,C-1020,Rachel Hall,Logitech Wireless Mouse,Technology,59.98,2,17.0,West,California
CA-2023-1599,2023-10-19,C-1012,Ashley Harris,Conference Room Table,Furniture,1887.9,3,-317.28,South,North Carolina
CA-2023-1600,2023-03-28,C-1011,Daniel White,Pilot G2 Gel Pens (Pack of 12),Office Supplies,39.15,3,9.12,South,Georgia
CA-2023-1601,2023-05-17,C-1017,Brian Lewis,Label Maker Machine,Office Supplies,239.94,6,66.0,East,New York
CA-2023-1602,2023-07-30,C-1002,Jane Doe,LG 27-inch 4K Monitor,Technology,2094.0,6,420.0,East,New York
CA-2023-1603,2023-05-08,C-1005,David Wilson,Pilot G2 Gel Pens (Pack of 12),Office Supplies,43.5,3,12.6,Central,Michigan
CA-2023-1604,2023-09-08,C-1005,David Wilson,Task Swivel Stool,Furniture,480.6,6,47.28,Central,Michigan
CA-2023-1605,2023-07-12,C-1015,James Garcia,Dell XPS 15 Laptop,Technology,8994.0,6,1680.0,Central,Michigan
CA-2023-1606,2023-09-21,C-1024,Stephanie Wright,LG 27-inch 4K Monitor,Technology,1884.6,6,252.48,South,Florida
CA-2023-1607,2023-09-07,C-1011,Daniel White,Task Swivel Stool,Furniture,89.0,1,15.0,South,Florida
CA-2023-1608,2023-11-22,C-1022,Lauren Allen,Pilot G2 Gel Pens (Pack of 12),Office Supplies,43.5,3,12.6,South,North Carolina
CA-2023-1609,2023-07-23,C-1007,Robert Martinez,Modern Leather Recliner,Furniture,1118.4,2,-353.68,Central,Texas
CA-2023-1610,2023-06-15,C-1010,Jessica Jackson,Ergonomic Office Chair,Furniture,871.5,5,-73.8,East,New York
CA-2023-1611,2023-10-17,C-1016,Jennifer Clark,Sharpie Permanent Markers (12-pack),Office Supplies,38.97,3,11.4,West,California
CA-2023-1612,2023-02-20,C-1021,Christopher Young,Sharpie Permanent Markers (12-pack),Office Supplies,51.96,4,15.2,West,Washington
CA-2023-1613,2023-03-22,C-1015,James Garcia,Adjustable Standing Desk,Furniture,319.2,1,1.16,East,Pennsylvania
CA-2023-1614,2023-12-19,C-1005,David Wilson,Label Maker Machine,Office Supplies,215.95,6,46.8,East,New York
CA-2023-1615,2023-05-21,C-1003,Michael Brown,Amazon Basics Copy Paper (5 Reams),Office Supplies,86.4,3,20.82,West,Washington
CA-2023-1616,2023-07-10,C-1022,Lauren Allen,Label Maker Machine,Office Supplies,239.94,6,66.0,West,California
CA-2023-1617,2023-07-22,C-1021,Christopher Young,SanDisk 1TB Portable SSD,Technology,654.0,6,150.0,Central,Michigan
CA-2023-1618,2023-12-02,C-1003,Michael Brown,Pilot G2 Gel Pens (Pack of 12),Office Supplies,14.5,1,4.2,East,Pennsylvania
CA-2023-1619,2023-09-02,C-1003,Michael Brown,Logitech Wireless Mouse,Technology,149.95,5,42.5,South,North Carolina
CA-2023-1620,2023-12-15,C-1015,James Garcia,Apple iPhone 14,Technology,719.1,1,86.08,West,Washington
CA-2023-1621,2023-08-05,C-1023,Joshua King,Logitech Wireless Mouse,Technology,119.96,4,34.0,East,Pennsylvania
CA-2023-1622,2023-07-16,C-1003,Michael Brown,Sticky Notes 3x3 Pack,Office Supplies,9.99,1,3.1,Central,Illinois
CA-2023-1623,2023-07-08,C-1010,Jessica Jackson,Logitech Wireless Mouse,Technology,119.96,4,34.0,East,New York
CA-2023-1624,2023-02-05,C-1017,Brian Lewis,Task Swivel Stool,Furniture,62.3,1,-6.36,East,New York
CA-2023-1625,2023-08-14,C-1012,Ashley Harris,Sticky Notes 3x3 Pack,Office Supplies,19.98,2,6.2,Central,Michigan
CA-2023-1626,2023-11-12,C-1022,Lauren Allen,Adjustable Standing Desk,Furniture,798.0,2,130.0,West,Washington
CA-2023-1627,2023-03-13,C-1025,Andrew Scott,HP LaserJet Pro Printer,Technology,1196.0,5,60.8,Central,Illinois
CA-2023-1628,2023-08-08,C-1011,Daniel White,Sharpie Permanent Markers (12-pack),Office Supplies,25.98,2,7.6,Central,Texas
CA-2023-1629,2023-11-27,C-1003,Michael Brown,Canon EOS Rebel Camera,Technology,2275.0,5,-180.0,South,Georgia
CA-2023-1630,2023-11-08,C-1010,Jessica Jackson,Mesh Desk Organizer,Office Supplies,149.94,6,45.0,Central,Texas
CA-2023-1631,2023-04-16,C-1017,Brian Lewis,LED Desk Lamp,Furniture,225.0,5,60.0,Central,Michigan
CA-2023-1632,2023-06-01,C-1021,Christopher Young,Samsung Galaxy S23,Technology,1198.4,2,20.32,Central,Michigan
CA-2023-1633,2023-02-27,C-1008,Lisa Anderson,Steel Filing Cabinet,Furniture,667.8,6,-60.96,West,Washington
CA-2023-1634,2023-09-28,C-1001,John Smith,Executive Wooden Desk,Furniture,1497.0,3,-120.0,Central,Michigan
CA-2023-1635,2023-10-19,C-1014,Amanda Thompson,Executive Wooden Desk,Furniture,2495.0,5,-200.0,South,Florida
CA-2023-1636,2023-02-07,C-1001,John Smith,Task Swivel Stool,Furniture,89.0,1,15.0,Central,Texas
CA-2023-1637,2023-04-21,C-1002,Jane Doe,Scotch Heavy Duty Packing Tape,Office Supplies,12.0,1,2.4,South,North Carolina
CA-2023-1638,2023-05-27,C-1021,Christopher Young,Pilot G2 Gel Pens (Pack of 12),Office Supplies,58.0,5,9.4,Central,Michigan
CA-2023-1639,2023-12-26,C-1013,Matthew Martin,Dell XPS 15 Laptop,Technology,6295.8,6,-478.56,South,North Carolina
CA-2023-1640,2023-11-12,C-1005,David Wilson,LG 27-inch 4K Monitor,Technology,314.1,1,42.08,West,Washington
CA-2023-1641,2023-09-19,C-1007,Robert Martinez,Sharpie Permanent Markers (12-pack),Office Supplies,18.19,2,1.36,Central,Illinois
CA-2023-1642,2023-07-20,C-1019,Kevin Walker,Amazon Basics Copy Paper (5 Reams),Office Supplies,192.0,6,57.0,Central,Texas
CA-2023-1643,2023-12-24,C-1014,Amanda Thompson,Sticky Notes 3x3 Pack,Office Supplies,19.98,2,6.2,East,Pennsylvania
CA-2023-1644,2023-02-14,C-1014,Amanda Thompson,HP LaserJet Pro Printer,Technology,837.2,4,-47.04,South,Georgia
CA-2023-1645,2023-01-29,C-1010,Jessica Jackson,Heavy Duty Stapler,Office Supplies,119.94,6,30.0,West,Washington
CA-2023-1646,2023-01-07,C-1023,Joshua King,Logitech Wireless Mouse,Technology,179.94,6,51.0,East,New York
CA-2023-1647,2023-09-12,C-1012,Ashley Harris,Modern Coffee Table,Furniture,895.5,5,-179.6,East,New York
CA-2023-1648,2023-07-10,C-1005,David Wilson,Sticky Notes 3x3 Pack,Office Supplies,29.97,3,9.3,West,California
CA-2023-1649,2023-06-21,C-1014,Amanda Thompson,LG 27-inch 4K Monitor,Technology,1745.0,5,350.0,Central,Texas
CA-2023-1650,2023-12-31,C-1019,Kevin Walker,Amazon Basics Copy Paper (5 Reams),Office Supplies,25.6,1,4.38,South,Florida
CA-2023-1651,2023-09-19,C-1012,Ashley Harris,Samsung Galaxy S23,Technology,2097.2,4,-199.04,East,New York
CA-2023-1652,2023-07-08,C-1006,Sarah Taylor,LG 27-inch 4K Monitor,Technology,244.3,1,-13.76,West,Washington
CA-2023-1653,2023-04-27,C-1024,Stephanie Wright,Modern Coffee Table,Furniture,199.0,1,-20.0,West,California
CA-2023-1654,2023-05-06,C-1002,Jane Doe,Steel Filing Cabinet,Furniture,381.6,3,7.68,East,New York
CA-2023-1655,2023-04-02,C-1002,Jane Doe,Conference Room Table,Furniture,4315.2,6,-203.04,East,Pennsylvania
CA-2023-1656,2023-06-14,C-1008,Lisa Anderson,Modern Leather Recliner,Furniture,3774.6,6,-725.52,Central,Texas
CA-2023-1657,2023-02-09,C-1019,Kevin Walker,Executive Wooden Desk,Furniture,349.3,1,-159.76,West,California
CA-2023-1658,2023-04-02,C-1008,Lisa Anderson,Sharpie Permanent Markers (12-pack),Office Supplies,64.95,5,19.0,Central,Michigan
CA-2023-1659,2023-02-05,C-1015,James Garcia,Dry Erase Whiteboard 36x24,Office Supplies,134.97,3,30.0,Central,Illinois
CA-2023-1660,2023-02-14,C-1018,Megan Robinson,Adjustable Standing Desk,Furniture,359.1,1,33.08,East,Pennsylvania
CA-2023-1661,2023-05-30,C-1019,Kevin Walker,Sharpie Permanent Markers (12-pack),Office Supplies,27.28,3,2.05,East,Pennsylvania
CA-2023-1662,2023-08-26,C-1012,Ashley Harris,Task Swivel Stool,Furniture,356.0,4,60.0,South,North Carolina
CA-2023-1663,2023-05-06,C-1005,David Wilson,Apple iPhone 14,Technology,3196.0,4,600.0,East,Pennsylvania
CA-2023-1664,2023-10-05,C-1012,Ashley Harris,Amazon Basics Copy Paper (5 Reams),Office Supplies,192.0,6,57.0,Central,Illinois
CA-2023-1665,2023-01-01,C-1025,Andrew Scott,Heavy Duty Stapler,Office Supplies,71.96,4,13.6,West,Washington
CA-2023-1666,2023-04-16,C-1017,Brian Lewis,Canon EOS Rebel Camera,Technology,2080.0,4,64.0,West,California
CA-2023-1667,2023-03-14,C-1023,Joshua King,LG 27-inch 4K Monitor,Technology,349.0,1,70.0,East,Pennsylvania
CA-2023-1668,2023-09-24,C-1014,Amanda Thompson,Pilot G2 Gel Pens (Pack of 12),Office Supplies,34.8,3,5.64,West,Washington
CA-2023-1669,2023-10-25,C-1004,Emily Davis,Modern Coffee Table,Furniture,318.4,2,-103.68,West,Washington
CA-2023-1670,2023-10-31,C-1019,Kevin Walker,Samsung Galaxy S23,Technology,2996.0,4,520.0,East,Pennsylvania
CA-2023-1671,2023-05-30,C-1009,William Thomas,Dry Erase Whiteboard 36x24,Office Supplies,119.98,3,18.0,Central,Illinois
CA-2023-1672,2023-06-12,C-1015,James Garcia,LG 27-inch 4K Monitor,Technology,698.0,2,140.0,East,Pennsylvania
CA-2023-1673,2023-03-11,C-1025,Andrew Scott,Mesh Desk Organizer,Office Supplies,124.95,5,37.5,East,New York
CA-2023-1674,2023-02-24,C-1006,Sarah Taylor,Adjustable Standing Desk,Furniture,1436.4,4,132.32,Central,Michigan
CA-2023-1675,2023-03-03,C-1018,Megan Robinson,Executive Wooden Desk,Furniture,798.4,2,-239.68,Central,Texas
CA-2023-1676,2023-08-26,C-1009,William Thomas,Dry Erase Whiteboard 36x24,Office Supplies,49.99,1,14.0,East,New York
CA-2023-1677,2023-12-18,C-1010,Jessica Jackson,Expanding File Folder,Office Supplies,69.3,6,3.24,West,California
CA-2023-1678,2023-04-21,C-1011,Daniel White,Logitech Wireless Mouse,Technology,29.99,1,8.5,Central,Illinois
CA-2023-1679,2023-07-22,C-1017,Brian Lewis,Samsung Galaxy S23,Technology,4044.6,6,420.48,Central,Texas
CA-2023-1680,2023-03-31,C-1001,John Smith,5-Tier Wooden Bookshelf,Furniture,529.2,4,-61.44,South,North Carolina
CA-2023-1681,2023-05-08,C-1004,Emily Davis,Adjustable Standing Desk,Furniture,399.0,1,65.0,West,Washington
CA-2023-1682,2023-01-07,C-1002,Jane Doe,Expanding File Folder,Office Supplies,33.0,2,9.0,East,Pennsylvania
CA-2023-1683,2023-07-25,C-1012,Ashley Harris,Heavy Duty Stapler,Office Supplies,119.94,6,30.0,South,Georgia
CA-2023-1684,2023-10-28,C-1009,William Thomas,Scotch Heavy Duty Packing Tape,Office Supplies,15.0,1,4.8,West,Washington
CA-2023-1685,2023-04-12,C-1021,Christopher Young,Adjustable Standing Desk,Furniture,798.0,2,130.0,Central,Illinois
CA-2023-1686,2023-03-04,C-1002,Jane Doe,Adjustable Standing Desk,Furniture,399.0,1,65.0,South,Georgia
CA-2023-1687,2023-08-10,C-1024,Stephanie Wright,5-Tier Wooden Bookshelf,Furniture,756.0,4,120.0,Central,Michigan
CA-2023-1688,2023-12-16,C-1014,Amanda Thompson,Sony WH-1000XM5 Headphones,Technology,1197.0,3,285.0,East,New York
CA-2023-1689,2023-05-21,C-1009,William Thomas,Adjustable Standing Desk,Furniture,798.0,2,130.0,South,Georgia
CA-2023-1690,2023-11-14,C-1020,Rachel Hall,Canon EOS Rebel Camera,Technology,3510.0,6,408.0,South,Florida
CA-2023-1691,2023-07-30,C-1018,Megan Robinson,Steel Filing Cabinet,Furniture,159.0,1,28.0,Central,Texas
CA-2023-1692,2023-07-16,C-1005,David Wilson,Modern Leather Recliner,Furniture,978.6,2,-465.52,East,Pennsylvania
CA-2023-1693,2023-11-19,C-1018,Megan Robinson,Sharpie Permanent Markers (12-pack),Office Supplies,10.39,1,1.72,Central,Illinois
CA-2023-1694,2023-09-03,C-1018,Megan Robinson,Sharpie Permanent Markers (12-pack),Office Supplies,46.76,4,11.04,South,Georgia
CA-2023-1695,2023-09-15,C-1011,Daniel White,5-Tier Wooden Bookshelf,Furniture,567.0,3,90.0,West,California
CA-2023-1696,2023-06-13,C-1020,Rachel Hall,Canon EOS Rebel Camera,Technology,585.0,1,68.0,West,California
CA-2023-1697,2023-08-30,C-1017,Brian Lewis,Executive Wooden Desk,Furniture,2495.0,5,-200.0,East,New York
CA-2023-1698,2023-02-21,C-1008,Lisa Anderson,Heavy Duty Stapler,Office Supplies,35.98,2,6.8,South,North Carolina
CA-2023-1699,2023-01-29,C-1025,Andrew Scott,Canon EOS Rebel Camera,Technology,2600.0,5,80.0,Central,Illinois
CA-2023-1700,2023-03-30,C-1006,Sarah Taylor,Canon EOS Rebel Camera,Technology,2925.0,5,340.0,Central,Illinois
CA-2023-1701,2023-10-30,C-1001,John Smith,Pilot G2 Gel Pens (Pack of 12),Office Supplies,78.3,6,18.24,South,Georgia
CA-2023-1702,2023-10-16,C-1005,David Wilson,Task Swivel Stool,Furniture,142.4,2,1.52,South,North Carolina
CA-2023-1703,2023-06-08,C-1006,Sarah Taylor,Steel Filing Cabinet,Furniture,159.0,1,28.0,West,California
CA-2023-1704,2023-04-30,C-1020,Rachel Hall,Canon EOS Rebel Camera,Technology,455.0,1,-36.0,South,Florida
CA-2023-1705,2023-01-01,C-1011,Daniel White,Scotch Heavy Duty Packing Tape,Office Supplies,75.0,5,24.0,East,New York
CA-2023-1706,2023-06-24,C-1023,Joshua King,Sony WH-1000XM5 Headphones,Technology,1197.0,3,285.0,West,California
CA-2023-1707,2023-03-17,C-1019,Kevin Walker,Pilot G2 Gel Pens (Pack of 12),Office Supplies,29.0,2,8.4,South,North Carolina
CA-2023-1708,2023-07-06,C-1003,Michael Brown,Executive Wooden Desk,Furniture,2395.2,6,-719.04,South,Georgia
CA-2023-1709,2023-02-21,C-1011,Daniel White,SanDisk 1TB Portable SSD,Technology,327.0,3,75.0,East,New York
CA-2023-1710,2023-08-12,C-1021,Christopher Young,Steel Filing Cabinet,Furniture,858.6,6,91.68,East,New York
CA-2023-1711,2023-12-29,C-1018,Megan Robinson,Pilot G2 Gel Pens (Pack of 12),Office Supplies,65.25,5,15.2,East,Pennsylvania
CA-2023-1712,2023-12-07,C-1019,Kevin Walker,Expanding File Folder,Office Supplies,26.4,2,3.72,Central,Texas
CA-2023-1713,2023-12-19,C-1010,Jessica Jackson,Logitech Wireless Mouse,Technology,59.98,2,17.0,South,Georgia
CA-2023-1714,2023-07-20,C-1025,Andrew Scott,Task Swivel Stool,Furniture,89.0,1,15.0,South,Georgia
CA-2023-1715,2023-06-12,C-1020,Rachel Hall,Canon EOS Rebel Camera,Technology,2730.0,6,-216.0,West,Washington
CA-2023-1716,2023-09-12,C-1005,David Wilson,Ergonomic Office Chair,Furniture,1494.0,6,270.0,East,Pennsylvania
CA-2023-1717,2023-06-27,C-1011,Daniel White,Sony WH-1000XM5 Headphones,Technology,2394.0,6,570.0,Central,Illinois
CA-2023-1718,2023-08-17,C-1001,John Smith,LG 27-inch 4K Monitor,Technology,698.0,2,140.0,West,Washington
CA-2023-1719,2023-06-29,C-1009,William Thomas,Sharpie Permanent Markers (12-pack),Office Supplies,12.99,1,3.8,West,California
CA-2023-1720,2023-07-17,C-1015,James Garcia,Sticky Notes 3x3 Pack,Office Supplies,39.96,4,12.4,Central,Michigan
CA-2023-1721,2023-09-10,C-1013,Matthew Martin,Executive Wooden Desk,Furniture,1996.0,5,-599.2,West,Washington
CA-2023-1722,2023-09-03,C-1019,Kevin Walker,Amazon Basics Copy Paper (5 Reams),Office Supplies,192.0,6,57.0,East,New York
CA-2023-1723,2023-08-20,C-1003,Michael Brown,Sharpie Permanent Markers (12-pack),Office Supplies,11.69,1,2.76,West,California
CA-2023-1724,2023-06-13,C-1009,William Thomas,HP LaserJet Pro Printer,Technology,269.1,1,36.08,East,New York
CA-2023-1725,2023-07-12,C-1006,Sarah Taylor,Sticky Notes 3x3 Pack,Office Supplies,6.99,1,0.7,West,Washington
CA-2023-1726,2023-06-23,C-1020,Rachel Hall,LED Desk Lamp,Furniture,180.0,4,48.0,Central,Michigan
CA-2023-1727,2023-12-01,C-1006,Sarah Taylor,LED Desk Lamp,Furniture,180.0,4,48.0,West,California
CA-2023-1728,2023-02-21,C-1011,Daniel White,Apple iPad Air,Technology,958.4,2,28.32,South,North Carolina
CA-2023-1729,2023-10-04,C-1009,William Thomas,Heavy Duty Stapler,Office Supplies,53.97,3,10.2,East,Pennsylvania
CA-2023-1730,2023-02-19,C-1002,Jane Doe,5-Tier Wooden Bookshelf,Furniture,661.5,5,-76.8,South,Florida
CA-2023-1731,2023-03-20,C-1002,Jane Doe,Executive Wooden Desk,Furniture,399.2,1,-119.84,West,Washington
CA-2023-1732,2023-05-31,C-1022,Lauren Allen,Amazon Basics Copy Paper (5 Reams),Office Supplies,128.0,5,21.9,East,Pennsylvania
CA-2023-1733,2023-02-19,C-1001,John Smith,Apple iPad Air,Technology,1078.2,2,124.16,West,Washington
CA-2023-1734,2023-08-31,C-1004,Emily Davis,SanDisk 1TB Portable SSD,Technology,348.8,4,30.24,South,Florida
CA-2023-1735,2023-12-05,C-1009,William Thomas,Dell XPS 15 Laptop,Technology,6295.8,6,-478.56,Central,Michigan
CA-2023-1736,2023-04-05,C-1012,Ashley Harris,Label Maker Machine,Office Supplies,143.96,4,31.2,East,New York
CA-2023-1737,2023-08-17,C-1002,Jane Doe,LG 27-inch 4K Monitor,Technology,1116.8,4,56.64,Central,Texas
CA-2023-1738,2023-04-26,C-1009,William Thomas,Task Swivel Stool,Furniture,89.0,1,15.0,West,Washington
CA-2023-1739,2023-02-13,C-1022,Lauren Allen,Executive Wooden Desk,Furniture,1996.0,5,-599.2,South,Georgia
CA-2023-1740,2023-04-27,C-1018,Megan Robinson,Samsung Galaxy S23,Technology,2097.2,4,-199.04,Central,Michigan
CA-2023-1741,2023-10-02,C-1022,Lauren Allen,Dry Erase Whiteboard 36x24,Office Supplies,139.97,4,8.01,East,Pennsylvania
CA-2023-1742,2023-09-01,C-1010,Jessica Jackson,Dell XPS 15 Laptop,Technology,5996.0,4,1120.0,South,North Carolina
CA-2023-1743,2023-10-20,C-1017,Brian Lewis,Sharpie Permanent Markers (12-pack),Office Supplies,45.46,5,3.41,East,New York
CA-2023-1744,2023-03-03,C-1025,Andrew Scott,Adjustable Standing Desk,Furniture,798.0,2,130.0,East,Pennsylvania
CA-2023-1745,2023-04-09,C-1005,David Wilson,Samsung Galaxy S23,Technology,2996.0,4,520.0,Central,Michigan
CA-2023-1746,2023-04-14,C-1021,Christopher Young,Logitech Wireless Mouse,Technology,134.95,5,30.5,Central,Illinois
CA-2023-1747,2023-02-04,C-1003,Michael Brown,5-Tier Wooden Bookshelf,Furniture,756.0,5,-1.2,South,North Carolina
CA-2023-1748,2023-06-16,C-1009,William Thomas,Modern Coffee Table,Furniture,796.0,4,-80.0,South,Georgia
CA-2023-1749,2023-10-28,C-1017,Brian Lewis,Sharpie Permanent Markers (12-pack),Office Supplies,51.96,4,15.2,Central,Michigan
CA-2023-1750,2023-03-18,C-1005,David Wilson,Task Swivel Stool,Furniture,311.5,5,-31.8,West,Washington
